Workbook
Name jobcode: 'Job code'!#REF!

Sheet Phòng
A1: Nguyễn Văn Thuận | B1: ADM
A2: Nguyễn Minh Tiến | B2: RDI
A3: Trần Tuấn Anh | B3: QC
A4: Vương Thị Hải Thanh | B4: HR
A5: Nguyễn Trọng Phi | B5: IT
A6: Nghiêm Xuân Thành | B6: AUTO
A7: Trần Đức Hải | B7: RDI
A8: Trần Việt Lâm | B8: AUTO
A9: Nguyễn Thị Hòa | B9: PUR
A10: Vũ Minh Đức | B10: RDS
A11: Phí Văn Tuấn | B11: AUTO
A12: Trương Thị Thanh | B12: ACC
... A179: Nguyễn Xuân Đức | B179: IT

Sheet Job code
A4: STT | B4: CODE
A5: =ROW()-ROW($A$4) -> 1 | B5: Annual Leave
A6: =ROW()-ROW($A$4) -> 2 | B6: Other
A7: =ROW()-ROW($A$4) -> 3 | B7: QLC
A8: =ROW()-ROW($A$4) -> 4 | B8: MEC1808001
A9: =ROW()-ROW($A$4) -> 5 | B9: MEC1808003
A10: =ROW()-ROW($A$4) -> 6 | B10: MEC1809002
A11: =ROW()-ROW($A$4) -> 7 | B11: MEC1810001
A12: =ROW()-ROW($A$4) -> 8 | B12: MEC1810002
A13: =ROW()-ROW($A$4) -> 9 | B13: MEC1810004
A14: =ROW()-ROW($A$4) -> 10 | B14: MEC1810005
A15: =ROW()-ROW($A$4) -> 11 | B15: MEC1810007
A16: =ROW()-ROW($A$4) -> 12 | B16: MEC1812005
... A513: =ROW()-ROW($A$4) -> 509 | B513: MEC2407005
A514: 915 | B514: MEC2407007
A515: =ROW()-ROW($A$4) -> 511 | B515: MEC2407010
A516: =ROW()-ROW($A$4) -> 512 | B516: MEC2407011
A517: =ROW()-ROW($A$4) -> 513 | B517: MEC2407014
A518: =ROW()-ROW($A$4) -> 514 | B518: MEC2407015
A519: =ROW()-ROW($A$4) -> 515 | B519: MEC2407020
A520: =ROW()-ROW($A$4) -> 516 | B520: PM103110
A521: =ROW()-ROW($A$4) -> 517 | B521: MEC2407027
A522: =ROW()-ROW($A$4) -> 518 | B522: MEC2407029
A523: =ROW()-ROW($A$4) -> 519 | B523: MEC2407035
A524: =ROW()-ROW($A$4) -> 520 | B524: MEC2407036
A525: =ROW()-ROW($A$4) -> 521 | B525: MEC2407037
A526: =ROW()-ROW($A$4) -> 522 | B526: MEC2407038
... A592: =ROW()-ROW($A$4) -> 588 | B592: MEC2409101
A593: 860B | B593: MEC2409102
A594: =ROW()-ROW($A$4) -> 590 | B594: MEC2410005
A595: =ROW()-ROW($A$4) -> 591 | B595: MEC2410006
A596: =ROW()-ROW($A$4) -> 592 | B596: MEC2410008
A597: =ROW()-ROW($A$4) -> 593 | B597: MEC2410009
A598: =ROW()-ROW($A$4) -> 594 | B598: MEC2410021
A599: =ROW()-ROW($A$4) -> 595 | B599: MEC2410022
A600: =ROW()-ROW($A$4) -> 596 | B600: MEC2410023
A601: =ROW()-ROW($A$4) -> 597 | B601: MEC2410024
A602: =ROW()-ROW($A$4) -> 598 | B602: MEC2410026
A603: =ROW()-ROW($A$4) -> 599 | B603: MEC2410037
A604: =ROW()-ROW($A$4) -> 600 | B604: MEC2410045
A605: =ROW()-ROW($A$4) -> 601 | B605: MEC2410046
... A700: =ROW()-ROW($A$4) -> 696 | B700: MEC2501006
A701: 11106B | B701: MEC2501008
A702: =ROW()-ROW($A$4) -> 698 | B702: MEC2501010
A703: =ROW()-ROW($A$4) -> 699 | B703: MEC2501011
A704: =ROW()-ROW($A$4) -> 700 | B704: MEC2501013
A705: =ROW()-ROW($A$4) -> 701 | B705: MEC2501014
A706: =ROW()-ROW($A$4) -> 702 | B706: MEC2501015
A707: =ROW()-ROW($A$4) -> 703 | B707: MEC2501016
A708: =ROW()-ROW($A$4) -> 704 | B708: MEC2501017
A709: =ROW()-ROW($A$4) -> 705 | B709: MEC2501018
A710: =ROW()-ROW($A$4) -> 706 | B710: MEC2501019
A711: =ROW()-ROW($A$4) -> 707 | B711: MEC2501020
A712: =ROW()-ROW($A$4) -> 708 | B712: MEC2501023
A713: =ROW()-ROW($A$4) -> 709 | B713: MEC2501024
... A1176: =ROW()-ROW($A$4) -> 1172 | B1176: MEC2512011
B1177: MEC2512012
A1178: =ROW()-ROW($A$4) -> 1174 | B1178: MEC2512013
A1179: =ROW()-ROW($A$4) -> 1175 | B1179: MEC2512014
A1180: =ROW()-ROW($A$4) -> 1176 | B1180: MEC2512015
A1181: =ROW()-ROW($A$4) -> 1177 | B1181: MEC2512016
A1182: =ROW()-ROW($A$4) -> 1178 | B1182: MEC2512017
A1183: =ROW()-ROW($A$4) -> 1179 | B1183: MEC2512018
A1184: =ROW()-ROW($A$4) -> 1180 | B1184: MEC2511043
A1185: =ROW()-ROW($A$4) -> 1181 | B1185: MEC2512019
A1186: =ROW()-ROW($A$4) -> 1182 | B1186: MEC2512020
A1187: =ROW()-ROW($A$4) -> 1183 | B1187: MEC2512021
A1188: =ROW()-ROW($A$4) -> 1184 | B1188: MEC2512022
A1189: =ROW()-ROW($A$4) -> 1185 | B1189: MEC2512023
... A1394: =ROW()-ROW($A$4) -> 1390 | B1394: AUTM260104
A1395: 1843 | B1395: AUTM2602E7
A1396: =ROW()-ROW($A$4) -> 1392 | B1396: AUTM2602E8
A1397: =ROW()-ROW($A$4) -> 1393 | B1397: AUTM2602E9
A1398: =ROW()-ROW($A$4) -> 1394 | B1398: AUTS260208
A1399: =ROW()-ROW($A$4) -> 1395 | B1399: AUTS260209
A1400: =ROW()-ROW($A$4) -> 1396 | B1400: AUTS260210
A1401: =ROW()-ROW($A$4) -> 1397 | B1401: AAGC260202
A1402: =ROW()-ROW($A$4) -> 1398 | B1402: AAIC260203
A1403: =ROW()-ROW($A$4) -> 1399 | B1403: ICTS260202
A1404: =ROW()-ROW($A$4) -> 1400 | B1404: MEC2602001
A1405: =ROW()-ROW($A$4) -> 1401 | B1405: ICTS260203
A1406: =ROW()-ROW($A$4) -> 1402 | B1406: AUTJ260203
A1407: =ROW()-ROW($A$4) -> 1403 | B1407: AUTJ260205
... A1882: =ROW()-ROW($A$4) -> 1878 | B1882: AUTS260608
A1883: 2324 | B1883: AAGT260608
A1884: =ROW()-ROW($A$4) -> 1880 | B1884: IOTS260701
A1885: =ROW()-ROW($A$4) -> 1881 | B1885: MEC2607001
A1886: =ROW()-ROW($A$4) -> 1882 | B1886: IOTS260702
A1887: =ROW()-ROW($A$4) -> 1883 | B1887: AUTM260595
A1888: =ROW()-ROW($A$4) -> 1884 | B1888: AUTM260588
A1889: =ROW()-ROW($A$4) -> 1885 | B1889: AUTM260541
A1890: =ROW()-ROW($A$4) -> 1886 | B1890: AUTM260502
A1891: =ROW()-ROW($A$4) -> 1887 | B1891: AUTM2605A7
A1892: =ROW()-ROW($A$4) -> 1888 | B1892: AUTM260533
A1893: =ROW()-ROW($A$4) -> 1889 | B1893: AUTM260535
A1894: =ROW()-ROW($A$4) -> 1890 | B1894: AUTM260585
A1895: =ROW()-ROW($A$4) -> 1891 | B1895: AUTM2605A4
... A1945: =ROW()-ROW($A$4) -> 1941 | B1945: AUTM2607C7
A1946: =ROW()-ROW('JOB DONE'!$A$4) -> 1942 | B1946: MEC2209011
A1947: =ROW()-ROW($A$4) -> 1943 | B1947: ICTS260801
...

Sheet JOB DONE
D2: dsd
A4: STT | B4: Job done | C4: Code & Name | D4: Code & Name | E4: PIC | F4: PO | G4: Phòng ban thực hiện | H4: Note
A5: =ROW()-ROW($A$4) -> 1 | B5: MEC1806001 | C5: Improve soldering robot Lether-α | D5: =IF(E5="Guarantee",E5&"||"&B5&"||"&C5,B5&"||"&C5) -> MEC1806001||Improve soldering robot Lether-α
A6: =ROW()-ROW($A$4) -> 2 | B6: MEC1804003 | C6: Sheet Unloading Machine | D6: =IF(E6="Guarantee",E6&"||"&B6&"||"&C6,B6&"||"&C6) -> MEC1804003||Sheet Unloading Machine
A7: =ROW()-ROW($A$4) -> 3 | B7: MEC1806002 | C7: MSC-18A Video Controller | D7: =IF(E7="Guarantee",E7&"||"&B7&"||"&C7,B7&"||"&C7) -> MEC1806002||MSC-18A Video Controller
A8: =ROW()-ROW($A$4) -> 4 | B8: MEC1804006 | C8: R&D DC current and Voltage monitoring solution | D8: =IF(E8="Guarantee",E8&"||"&B8&"||"&C8,B8&"||"&C8) -> MEC1804006||R&D DC current and Voltage monitoring solution
A9: =ROW()-ROW($A$4) -> 5 | B9: MEC1804004 | C9: Matehan | D9: =IF(E9="Guarantee",E9&"||"&B9&"||"&C9,B9&"||"&C9) -> MEC1804004||Matehan
A10: =ROW()-ROW($A$4) -> 6 | B10: MEC1804007 | C10: Auto Soldering robot Lether-αII assembly | D10: =IF(E10="Guarantee",E10&"||"&B10&"||"&C10,B10&"||"&C10) -> MEC1804007||Auto Soldering robot Lether-αII assembly
A11: =ROW()-ROW($A$4) -> 7 | B11: MEC1804005 | C11: 2D barcode checking software_MKTC | D11: =IF(E11="Guarantee",E11&"||"&B11&"||"&C11,B11&"||"&C11) -> Guarantee||MEC1804005||2D barcode checking software_MKTC | E11: Guarantee
A12: =ROW()-ROW($A$4) -> 8 | B12: MEC1805001 | C12: 2D barcode Checking_MKVC_2 | D12: =IF(E12="Guarantee",E12&"||"&B12&"||"&C12,B12&"||"&C12) -> Guarantee||MEC1805001||2D barcode Checking_MKVC_2 | E12: Guarantee
A13: =ROW()-ROW($A$4) -> 9 | B13: MEC1805002 | C13: 2D barcode verifying machine | D13: =IF(E13="Guarantee",E13&"||"&B13&"||"&C13,B13&"||"&C13) -> MEC1805002||2D barcode verifying machine
A14: =ROW()-ROW($A$4) -> 10 | B14: MEC1905002 | C14: 3D Printer Trading for VJC | D14: =IF(E14="Guarantee",E14&"||"&B14&"||"&C14,B14&"||"&C14) -> MEC1905002||3D Printer Trading for VJC
A15: =ROW()-ROW($A$4) -> 11 | B15: MEC1810006 | C15: Xe đẩy bo (Cart Trading) | D15: =IF(E15="Guarantee",E15&"||"&B15&"||"&C15,B15&"||"&C15) -> MEC1810006||Xe đẩy bo (Cart Trading)
A16: =ROW()-ROW($A$4) -> 12 | B16: MEC1910006 | C16: Đơn hàng thương mại AUTOCAD (45 licenses) | D16: =IF(E16="Guarantee",E16&"||"&B16&"||"&C16,B16&"||"&C16) -> MEC1910006||Đơn hàng thương mại AUTOCAD (45 licenses) | F16: VG146-191001C
A17: =ROW()-ROW($A$4) -> 13 | B17: MEC1910003 | C17: Đơn hàng thương mại linh kiện tiêu hao cho máy hàn điểm - EMS-190926-01 (Teflon 2) | D17: =IF(E17="Guarantee",E17&"||"&B17&"||"&C17,B17&"||"&C17) -> MEC1910003||Đơn hàng thương mại linh kiện tiêu hao cho máy hàn điểm - EMS-190926-01 (Teflon 2) | F17: VG146-1910001
A18: =ROW()-ROW($A$4) -> 14 | B18: MEC1907005 | C18: HMI JIG gá máy hàn robot model stanley KIFA.RC | D18: =IF(E18="Guarantee",E18&"||"&B18&"||"&C18,B18&"||"&C18) -> MEC1907005||HMI JIG gá máy hàn robot model stanley KIFA.RC | E18: N.V.Quỳnh (cơ)
A19: =ROW()-ROW($A$4) -> 15 | B19: MEC1907006 | C19: Service thêm module tích hợp dữ liệu phân tích hóa chất cho hệ thống SPC | D19: =IF(E19="Guarantee",E19&"||"&B19&"||"&C19,B19&"||"&C19) -> MEC1907006||Service thêm module tích hợp dữ liệu phân tích hóa chất cho hệ thống SPC | E19: A. Phi, Quỳnh 1 | F19: VG41-190701C
A20: =ROW()-ROW($A$4) -> 16 | B20: MEC1908002 | C20: Jig hàn Robot Model HMI Vinfast | D20: =IF(E20="Guarantee",E20&"||"&B20&"||"&C20,B20&"||"&C20) -> MEC1908002||Jig hàn Robot Model HMI Vinfast | E20: N.V.Quỳnh (Cơ) | F20: VG41-19080005
A21: =ROW()-ROW($A$4) -> 17 | B21: MEC1812001 | C21: Số gắn trên Jig mạ | D21: =IF(E21="Guarantee",E21&"||"&B21&"||"&C21,B21&"||"&C21) -> MEC1812001||Số gắn trên Jig mạ | E21: Cart Trading | F21: Done
A22: =ROW()-ROW($A$4) -> 18 | B22: MEC1902005 | C22: Hệ thống chiết xuất dữ liệu của thiết bị phân tích hóa chất tự động_MTE | D22: =IF(E22="Guarantee",E22&"||"&B22&"||"&C22,B22&"||"&C22) -> MEC1902005||Hệ thống chiết xuất dữ liệu của thiết bị phân tích hóa chất tự động_MTE | E22: N.M.Cường, N.T.Phi, V.M.Đức
A23: =ROW()-ROW($A$4) -> 19 | B23: MEC1811001 | C23: Phần mềm SPC cho nhà máy MKVC | D23: =IF(E23="Guarantee",E23&"||"&B23&"||"&C23,B23&"||"&C23) -> MEC1811001||Phần mềm SPC cho nhà máy MKVC | E23: Anh Phi | F23: Done
A24: =ROW()-ROW($A$4) -> 20 | B24: MEC1812004 | C24: Conveyor Long type | D24: =IF(E24="Guarantee",E24&"||"&B24&"||"&C24,B24&"||"&C24) -> MEC1812004||Conveyor Long type | E24: Thành Trần, T.Đ.Hải | F24: Done
A25: =ROW()-ROW($A$4) -> 21 | B25: MEC1812003 | C25: Conveyor aligment | D25: =IF(E25="Guarantee",E25&"||"&B25&"||"&C25,B25&"||"&C25) -> MEC1812003||Conveyor aligment | E25: Thành Trần, T.Đ.Hải | F25: Done
A26: =ROW()-ROW($A$4) -> 22 | B26: MEC1812002 | C26: Conveyor | D26: =IF(E26="Guarantee",E26&"||"&B26&"||"&C26,B26&"||"&C26) -> MEC1812002||Conveyor | E26: Thành Trần, T.Đ.Hải (Short Conveyor) | F26: Done
A27: =ROW()-ROW($A$4) -> 23 | B27: MEC1911035 | C27: Case of gateway | D27: =IF(E27="Guarantee",E27&"||"&B27&"||"&C27,B27&"||"&C27) -> MEC1911035||Case of gateway | E27: Cường.NM | F27: VG146-19120001
A28: =ROW()-ROW($A$4) -> 24 | B28: MEC1911039 | C28: Bảo trì hệ thống tổng đài điện thoại | D28: =IF(E28="Guarantee",E28&"||"&B28&"||"&C28,B28&"||"&C28) -> MEC1911039||Bảo trì hệ thống tổng đài điện thoại | F28: VG146-191201C
A29: =ROW()-ROW($A$4) -> 25 | B29: MEC1911043 | C29: Đèn LED Tube UV cut<500 nm, công suất 20W, quang thông 1100Lm | D29: =IF(E29="Guarantee",E29&"||"&B29&"||"&C29,B29&"||"&C29) -> MEC1911043||Đèn LED Tube UV cut<500 nm, công suất 20W, quang thông 1100Lm | F29: VG146-19122001
A30: =ROW()-ROW($A$4) -> 26 | B30: MEC1810003 | C30: LaserMaking | D30: =IF(E30="Guarantee",E30&"||"&B30&"||"&C30,B30&"||"&C30) -> MEC1810003||LaserMaking
A31: =ROW()-ROW($A$4) -> 27 | B31: MEC1807001 | C31: Dự án thiết kế thiết bị chuyển mạch video | D31: =IF(E31="Guarantee",E31&"||"&B31&"||"&C31,B31&"||"&C31) -> MEC1807001||Dự án thiết kế thiết bị chuyển mạch video
A32: =ROW()-ROW($A$4) -> 28 | B32: MEC1910007 | C32: Matehan_Fact2_CopperPlate_LoadingMachine | D32: =IF(E32="Guarantee",E32&"||"&B32&"||"&C32,B32&"||"&C32) -> MEC1910007||Matehan_Fact2_CopperPlate_LoadingMachine
A33: =ROW()-ROW($A$4) -> 29 | B33: MEC1907004 | C33: Xe Hrack | D33: =IF(E33="Guarantee",E33&"||"&B33&"||"&C33,B33&"||"&C33) -> MEC1907004||Xe Hrack | E33: T.T.Anh
A34: =ROW()-ROW($A$4) -> 30 | B34: IOT1 | C34: IoT Meiko Techno | D34: =IF(E34="Guarantee",E34&"||"&B34&"||"&C34,B34&"||"&C34) -> IOT1||IoT Meiko Techno | E34: N.M.Cường
A35: =ROW()-ROW($A$4) -> 31 | B35: MEC1903002 | C35: Solder Jig | D35: =IF(E35="Guarantee",E35&"||"&B35&"||"&C35,B35&"||"&C35) -> MEC1903002||Solder Jig | E35: N.V.Quỳnh
A36: =ROW()-ROW($A$4) -> 32 | B36: MEC1901001 | C36: Soldering robot 5 set | D36: =IF(E36="Guarantee",E36&"||"&B36&"||"&C36,B36&"||"&C36) -> MEC1901001||Soldering robot 5 set | E36: N.M.Tiến
A37: =ROW()-ROW($A$4) -> 33 | B37: MEC1911006 | C37: Hệ thống chiết xuất dữ liệu của thiết bị phân tích hóa chất tự động - Lần 2_15_MKAC | D37: =IF(E37="Guarantee",E37&"||"&B37&"||"&C37,B37&"||"&C37) -> MEC1911006||Hệ thống chiết xuất dữ liệu của thiết bị phân tích hóa chất tự động - Lần 2_15_MKAC | E37: Anh.Cường R&D | F37: VG146-19110002 | G37: Chưa có PO, chưa hoàn thành
A38: =ROW()-ROW($A$4) -> 34 | B38: MEC1911007 | C38: Phần mềm kết nối dữ liệu 2 máy đo lên hệ thống SPC tại FPC_40_Lần 1 | D38: =IF(E38="Guarantee",E38&"||"&B38&"||"&C38,B38&"||"&C38) -> MEC1911007||Phần mềm kết nối dữ liệu 2 máy đo lên hệ thống SPC tại FPC_40_Lần 1 | E38: Anh Phi | F38: VG146-191101C | G38: Chưa có PO, chưa có thông tin làm tiếp
A39: =ROW()-ROW($A$4) -> 35 | B39: MEC1911009 | C39: Phần mềm kết nối dữ liệu 2 máy đo lên hệ thống SPC tại FPC_40_Lần 2 | D39: =IF(E39="Guarantee",E39&"||"&B39&"||"&C39,B39&"||"&C39) -> MEC1911009||Phần mềm kết nối dữ liệu 2 máy đo lên hệ thống SPC tại FPC_40_Lần 2 | E39: Anh Phi | F39: VG146-191102C
A40: =ROW()-ROW($A$4) -> 36 | B40: AM100850 | C40: JIG616 cho dây chuyền mạ VCP & Filled L1230*W780mm. | D40: =IF(E40="Guarantee",E40&"||"&B40&"||"&C40,B40&"||"&C40) -> AM100850||JIG616 cho dây chuyền mạ VCP & Filled L1230*W780mm. | E40: Mr.Nguyễn tuấn, chu tuấn, giang | F40: Chưa có PO => Hủy do k đảm bảo chất lượng
A41: =ROW()-ROW($A$4) -> 37 | B41: AM100851 | C41: JIG612 cho dây chuyền mạ VCP & Filled L1230*W820mm. | D41: =IF(E41="Guarantee",E41&"||"&B41&"||"&C41,B41&"||"&C41) -> AM100851||JIG612 cho dây chuyền mạ VCP & Filled L1230*W820mm. | E41: Mr.Nguyễn tuấn, chu tuấn, giang | F41: Chưa có PO => Hủy do k đảm bảo chất lượng
A42: =ROW()-ROW($A$4) -> 38 | B42: AM100852 | C42: JIG608 cho dây chuyền mạ VCP & Filled L1230*W860mm. | D42: =IF(E42="Guarantee",E42&"||"&B42&"||"&C42,B42&"||"&C42) -> AM100852||JIG608 cho dây chuyền mạ VCP & Filled L1230*W860mm. | E42: Mr.Nguyễn tuấn, chu tuấn, giang | F42: Chưa có PO => Hủy do k đảm bảo chất lượng | G42: Bản vẽ của Chu Tuấn
A43: =ROW()-ROW($A$4) -> 39 | B43: MEC2001005 | C43: Set up, chạy thử máy móc xưởng gia công | D43: =IF(E43="Guarantee",E43&"||"&B43&"||"&C43,B43&"||"&C43) -> MEC2001005||Set up, chạy thử máy móc xưởng gia công | E43: Mr. Giang GC | G43: Bản vẽ của Chu Tuấn
A44: =ROW()-ROW($A$4) -> 40 | B44: MEC1909002 | C44: Service Dịch vụ kiểm tra và nâng cấp phần mềm Bacode (PE-190911-01/14714/ Quo no MTE-1908-001) | D44: =IF(E44="Guarantee",E44&"||"&B44&"||"&C44,B44&"||"&C44) -> MEC1909002||Service Dịch vụ kiểm tra và nâng cấp phần mềm Bacode (PE-190911-01/14714/ Quo no MTE-1908-001) | E44: A. Phi | F44: VG41-190901C | G44: Bản vẽ của Chu Tuấn
A45: =ROW()-ROW($A$4) -> 41 | B45: MEC2001006 | C45: Service/ Phần mềm quản lý dữ liệu độ dày tự động NM3 (EL-19130-02/16411) | D45: =IF(E45="Guarantee",E45&"||"&B45&"||"&C45,B45&"||"&C45) -> MEC2001006|| Service/ Phần mềm quản lý dữ liệu độ dày tự động NM3 (EL-19130-02/16411) | E45: Mr. Phi, Quỳnh 1 | F45: VG146-200201C
A46: =ROW()-ROW($A$4) -> 42 | B46: MEC2004001 | C46: Linh kiện kệ đỡ cho sheet được gắp ra | D46: =IF(E46="Guarantee",E46&"||"&B46&"||"&C46,B46&"||"&C46) -> MEC2004001||Linh kiện kệ đỡ cho sheet được gắp ra | E46: Mr. Giang GC | F46: VG146-20032009
A47: =ROW()-ROW($A$4) -> 43 | B47: MEC2004005 | C47: Sản xuất linh kiện, vật tư của PXGC | D47: =IF(E47="Guarantee",E47&"||"&B47&"||"&C47,B47&"||"&C47) -> MEC2004005||Sản xuất linh kiện, vật tư của PXGC | E47: Mr. Giang GC | F47: Tất cả đơn hàng PXGC
A48: =ROW()-ROW($A$4) -> 44 | B48: MEC2004006 | C48: Jig gá kiểm tra máy Routing#1 | D48: =IF(E48="Guarantee",E48&"||"&B48&"||"&C48,B48&"||"&C48) -> MEC2004006||Jig gá kiểm tra máy Routing#1 | E48: Mr. Giang GC | F48: VG146-20040004
A49: =ROW()-ROW($A$4) -> 45 | B49: MEC2004008 | C49: Board up hanger Cữ lên bo dây chuyền mạ (loại dài) | D49: =IF(E49="Guarantee",E49&"||"&B49&"||"&C49,B49&"||"&C49) -> MEC2004008||Board up hanger Cữ lên bo dây chuyền mạ (loại dài) | E49: Mr. Giang GC | F49: PO VG146-20040008
A50: =ROW()-ROW($A$4) -> 46 | B50: MEC2004009 | C50: Board up hanger Cữ lên bo dây chuyền mạ (loại ngắn) | D50: =IF(E50="Guarantee",E50&"||"&B50&"||"&C50,B50&"||"&C50) -> MEC2004009||Board up hanger Cữ lên bo dây chuyền mạ (loại ngắn) | E50: Mr. Giang GC | F50: PO VG146-20040008 | G50: Bản vẽ nhà máy
A51: =ROW()-ROW($A$4) -> 47 | B51: MEC2005001 | C51: Shaft for window measuring machine trục cho máy đo ô cửa sooe phủ sơn | D51: =IF(E51="Guarantee",E51&"||"&B51&"||"&C51,B51&"||"&C51) -> MEC2005001||Shaft for window measuring machine trục cho máy đo ô cửa sooe phủ sơn | E51: Mr. Giang GC | F51: PO VG146-20040010 | G51: Bản vẽ của nhà máy
A52: =ROW()-ROW($A$4) -> 48 | B52: MEC2005011 | C52: Bulong Bolt M16x80, vật liệu S50C | D52: =IF(E52="Guarantee",E52&"||"&B52&"||"&C52,B52&"||"&C52) -> MEC2005011||Bulong Bolt M16x80, vật liệu S50C | E52: Mr. Giang GC | F52: Chưa có PO | G52: Bản vẽ của nhà máy
A53: =ROW()-ROW($A$4) -> 49 | B53: MEC2005012 | C53: Downspout máng hứng sơn SUS304 | D53: =IF(E53="Guarantee",E53&"||"&B53&"||"&C53,B53&"||"&C53) -> MEC2005012||Downspout máng hứng sơn SUS304 | E53: Mr. Giang GC | F53: VG146-200500011 | G53: Bản vẽ của nhà máy
A54: =ROW()-ROW($A$4) -> 50 | B54: MEC2005013 | C54: Jig đế đỡ jig A0001-01, MC Trắng | D54: =IF(E54="Guarantee",E54&"||"&B54&"||"&C54,B54&"||"&C54) -> MEC2005013||Jig đế đỡ jig A0001-01, MC Trắng | E54: Mr. Giang GC | F54: VG146-200500011 | G54: Bản vẽ của anh Giang
A55: =ROW()-ROW($A$4) -> 51 | B55: MEC2005014 | C55: Jig đế đỡ jig A0001-02, MC xanh | D55: =IF(E55="Guarantee",E55&"||"&B55&"||"&C55,B55&"||"&C55) -> MEC2005014||Jig đế đỡ jig A0001-02, MC xanh | E55: Mr. Giang GC | F55: VG146-200500011 | G55: Bản vẽ của nhà máy
A56: =ROW()-ROW($A$4) -> 52 | B56: MEC1911003 | C56: Loader machine for washing water after NC drilling # 2/Máy đưa bo cho rửa nước sau khoan #2 (RHS-LD-1Vrack-CAS: Water rinsing after NC drill #2 - 1Vrack-Fact.2-1F-RB) | D56: =IF(E56="Guarantee",E56&"||"&B56&"||"&C56,B56&"||"&C56) -> MEC1911003||Loader machine for washing water after NC drilling # 2/Máy đưa bo cho rửa nước sau khoan #2 (RHS-LD-1Vrack-CAS: Water rinsing after NC drill #2 - 1Vrack-Fact.2-1F-RB) | E56: Thành Ngô | F56: VG146-1910001E | G56: Bản vẽ của nhà máy
A57: =ROW()-ROW($A$4) -> 53 | B57: MEC1911004 | C57: Unloader machine for washing water after NC drilling # 1/Máy nhận bo cho rửa nước sau khoan #1 (RHS-ULD-1Vrack-CAS: Water rinsing after NC drill #1 - 1Vrack-TYPE 3-Fact.2-1F-LB) | D57: =IF(E57="Guarantee",E57&"||"&B57&"||"&C57,B57&"||"&C57) -> MEC1911004||Unloader machine for washing water after NC drilling # 1/Máy nhận bo cho rửa nước sau khoan #1 (RHS-ULD-1Vrack-CAS: Water rinsing after NC drill #1 - 1Vrack-TYPE 3-Fact.2-1F-LB) | E57: Thành Ngô -> Mạnh.TV | F57: VG146-1910001E | G57: Bản vẽ của nhà máy
A58: =ROW()-ROW($A$4) -> 54 | B58: MEC2105059 | C58: インピーダンス半自動測定機 #2 Máy đo trở kháng #2cho line PE-PD Fact.2 | D58: =IF(E58="Guarantee",E58&"||"&B58&"||"&C58,B58&"||"&C58) -> MEC2105059||インピーダンス半自動測定機 #2 Máy đo trở kháng #2cho line PE-PD Fact.2 | F58: Job hủy
A59: =ROW()-ROW($A$4) -> 55 | B59: MEC2105058 | C59: インピーダンス半自動測定機 #1 Máy đo trở kháng #1cho line PE-PD Fact.2 | D59: =IF(E59="Guarantee",E59&"||"&B59&"||"&C59,B59&"||"&C59) -> MEC2105058||インピーダンス半自動測定機 #1 Máy đo trở kháng #1cho line PE-PD Fact.2 | F59: Job hủy
A60: =ROW()-ROW($A$4) -> 56 | B60: MEC2105060 | C60: インピーダンス半自動測定機 #3 Máy đo trở kháng #3cho line PE-PD Fact.2 | D60: =IF(E60="Guarantee",E60&"||"&B60&"||"&C60,B60&"||"&C60) -> MEC2105060||インピーダンス半自動測定機 #3 Máy đo trở kháng #3cho line PE-PD Fact.2 | F60: Job hủy
A61: =ROW()-ROW($A$4) -> 57 | B61: MEC2109019 | C61: DAO No. 1 - Hủy | D61: =IF(E61="Guarantee",E61&"||"&B61&"||"&C61,B61&"||"&C61) -> MEC2109019||DAO No. 1 - Hủy | F61: Job hủy
A62: =ROW()-ROW($A$4) -> 58 | B62: MEC2109020 | C62: DAO No. 2- Hủy | D62: =IF(E62="Guarantee",E62&"||"&B62&"||"&C62,B62&"||"&C62) -> MEC2109020||DAO No. 2- Hủy | F62: Job hủy
A63: =ROW()-ROW($A$4) -> 59 | B63: MEC2109021 | C63: DAO No. 3 - Hủy | D63: =IF(E63="Guarantee",E63&"||"&B63&"||"&C63,B63&"||"&C63) -> MEC2109021||DAO No. 3 - Hủy | F63: Job hủy
A64: =ROW()-ROW($A$4) -> 60 | B64: MEC2109022 | C64: DAO No. 4 - Hủy | D64: =IF(E64="Guarantee",E64&"||"&B64&"||"&C64,B64&"||"&C64) -> MEC2109022||DAO No. 4 - Hủy | F64: Job hủy
A65: =ROW()-ROW($A$4) -> 61 | B65: MEC2109023 | C65: DAO No. 5 - Hủy | D65: =IF(E65="Guarantee",E65&"||"&B65&"||"&C65,B65&"||"&C65) -> MEC2109023||DAO No. 5 - Hủy | F65: Job hủy
A66: =ROW()-ROW($A$4) -> 62 | B66: MEC1910001 | C66: 2D Code Checking Ver03 (Matrix120 210, Giá đỡ - MEC1911036, Khung đế - MEC1911037, phần mềm - MEC1911038) | D66: =IF(E66="Guarantee",E66&"||"&B66&"||"&C66,B66&"||"&C66) -> MEC1910001||2D Code Checking Ver03 (Matrix120 210, Giá đỡ - MEC1911036, Khung đế - MEC1911037, phần mềm - MEC1911038) | E66: N.H.Đỉnh N.T.Phi
A67: =ROW()-ROW($A$4) -> 63 | B67: MEC1908007 | C67: DoubleSheet_PCB_Sensor_Fact3 | D67: =IF(E67="Guarantee",E67&"||"&B67&"||"&C67,B67&"||"&C67) -> MEC1908007||DoubleSheet_PCB_Sensor_Fact3 | E67: T.V.Mạnh
A68: =ROW()-ROW($A$4) -> 64 | B68: MEC1909001 | C68: 10 xe PCB_MKVC | D68: =IF(E68="Guarantee",E68&"||"&B68&"||"&C68,B68&"||"&C68) -> MEC1909001||10 xe PCB_MKVC | E68: N.Đ.Thành | F68: VG41-19040006
A69: =ROW()-ROW($A$4) -> 65 | B69: MEC1910002 | C69: MKAC_MKVC Sensing IoT Project - Giai đoạn 2 | D69: =IF(E69="Guarantee",E69&"||"&B69&"||"&C69,B69&"||"&C69) -> MEC1910002||MKAC_MKVC Sensing IoT Project - Giai đoạn 2 | E69: N.M.Cường | G69: Chưa có PO
A70: =ROW()-ROW($A$4) -> 66 | B70: MEC1910004 | C70: MKAC_Soldering robot 5 set | D70: =IF(E70="Guarantee",E70&"||"&B70&"||"&C70,B70&"||"&C70) -> MEC1910004||MKAC_Soldering robot 5 set | E70: N.M.Tiến
A71: =ROW()-ROW($A$4) -> 67 | B71: MEC1911008 | C71: MKAC_Nghiên cứu xe máy điện | D71: =IF(E71="Guarantee",E71&"||"&B71&"||"&C71,B71&"||"&C71) -> MEC1911008||MKAC_Nghiên cứu xe máy điện | E71: Anh Cường
A72: =ROW()-ROW($A$4) -> 68 | B72: MEC2003003A | C72: Sevice/Dịch vụ lắp đăt bàn kính hiển vi laser | D72: =IF(E72="Guarantee",E72&"||"&B72&"||"&C72,B72&"||"&C72) -> MEC2003003A||Sevice/Dịch vụ lắp đăt bàn kính hiển vi laser | F72: VG146-200505C FE
A73: =ROW()-ROW($A$4) -> 69 | B73: MEC2102010 | C73: Băng tải căn bo MEC2102010 | D73: =IF(E73="Guarantee",E73&"||"&B73&"||"&C73,B73&"||"&C73) -> MEC2102010||Băng tải căn bo MEC2102010 | F73: VG146-210302E
A74: =ROW()-ROW($A$4) -> 70 | B74: MEC2102011 | C74: Băng tải nhận bo MEC2102011 | D74: =IF(E74="Guarantee",E74&"||"&B74&"||"&C74,B74&"||"&C74) -> MEC2102011||Băng tải nhận bo MEC2102011 | F74: VG146-210302E
A75: =ROW()-ROW($A$4) -> 71 | B75: MEC2008005 | C75: 5G R&D | D75: =IF(E75="Guarantee",E75&"||"&B75&"||"&C75,B75&"||"&C75) -> MEC2008005||5G R&D | E75: Mr. Cường | F75: Nghiên cứu, chưa có PO
A76: =ROW()-ROW($A$4) -> 72 | B76: MEC2011002 | C76: Máy transfer chồng mạch cho ép lớp Fact.3 (dùng Model nhỏ) | D76: =IF(E76="Guarantee",E76&"||"&B76&"||"&C76,B76&"||"&C76) -> MEC2011002||Máy transfer chồng mạch cho ép lớp Fact.3 (dùng Model nhỏ) | F76: Có tiêu
A77: =ROW()-ROW($A$4) -> 73 | B77: MEC1911040 | C77: Xe đẩy bo kích thước size lớn_CUT-191216-01 | D77: =IF(E77="Guarantee",E77&"||"&B77&"||"&C77,B77&"||"&C77) -> MEC1911040||Xe đẩy bo kích thước size lớn_CUT-191216-01 | E77: Mr. Châu | F77: chưa có PO
A78: =ROW()-ROW($A$4) -> 74 | B78: MEC2008007 | C78: Cải tiến băng tải dây chuyền cho nhà máy tòa nhà EMS (6 máy) | D78: =IF(E78="Guarantee",E78&"||"&B78&"||"&C78,B78&"||"&C78) -> MEC2008007|| Cải tiến băng tải dây chuyền cho nhà máy tòa nhà EMS (6 máy) | E78: Mr.Mạnh Tuấn | F78: Chưa có PO
A79: =ROW()-ROW($A$4) -> 75 | B79: MEC2008012 | C79: Shaft trục đá mài cho máy mài TXL, #1, TMN, phi 76*1225-SUS304 | D79: =IF(E79="Guarantee",E79&"||"&B79&"||"&C79,B79&"||"&C79) -> MEC2008012||Shaft trục đá mài cho máy mài TXL, #1, TMN, phi 76*1225-SUS304 | E79: Bản thiết kế Chu tuấn | F79: VG146-20080008
A80: =ROW()-ROW($A$4) -> 76 | B80: MEC2011008 | C80: Chế tạo thiết bị Picking TU | D80: =IF(E80="Guarantee",E80&"||"&B80&"||"&C80,B80&"||"&C80) -> MEC2011008||Chế tạo thiết bị Picking TU
A81: =ROW()-ROW($A$4) -> 77 | B81: MEC2011011 | C81: Máy xịt dung dịch sát khuẩn | D81: =IF(E81="Guarantee",E81&"||"&B81&"||"&C81,B81&"||"&C81) -> MEC2011011||Máy xịt dung dịch sát khuẩn
A82: =ROW()-ROW($A$4) -> 78 | B82: MEC2012014 | C82: TU picking machine | D82: =IF(E82="Guarantee",E82&"||"&B82&"||"&C82,B82&"||"&C82) -> MEC2012014||TU picking machine
A83: =ROW()-ROW($A$4) -> 79 | B83: MEC2101005 | C83: Các chi tiết gia công (khay và cữ) | D83: =IF(E83="Guarantee",E83&"||"&B83&"||"&C83,B83&"||"&C83) -> MEC2101005||Các chi tiết gia công (khay và cữ)
A84: =ROW()-ROW($A$4) -> 80 | B84: MEC2003006 | C84: Đầu đọc code máy máy 2D code checking V01 | D84: =IF(E84="Guarantee",E84&"||"&B84&"||"&C84,B84&"||"&C84) -> MEC2003006||Đầu đọc code máy máy 2D code checking V01 | E84: Mr. Phi | F84: VG146-20042002
A85: =ROW()-ROW($A$4) -> 81 | B85: MEC2004004 | C85: Nâng cấp phần mềm 2D barcode đọc 8pcs (1mặt và 2 mặt) - Lập trình chức năng đọc Sheet 1 mặt | D85: =IF(E85="Guarantee",E85&"||"&B85&"||"&C85,B85&"||"&C85) -> MEC2004004||Nâng cấp phần mềm 2D barcode đọc 8pcs (1mặt và 2 mặt) - Lập trình chức năng đọc Sheet 1 mặt | E85: Mr. Phi | F85: Chưa có PO (Hàng 4 đầu đọc, gia công cơ khí
A86: =ROW()-ROW($A$4) -> 82 | B86: MEC2005036 | C86: Unloader Máy nhận bo dạng Sheet cho dây chuyền FLUX | D86: =IF(E86="Guarantee",E86&"||"&B86&"||"&C86,B86&"||"&C86) -> MEC2005036||Unloader Máy nhận bo dạng Sheet cho dây chuyền FLUX | E86: C.V.Tuấn | F86: VG146-200607E | G86: Dự án 36 máy
A87: =ROW()-ROW($A$4) -> 83 | B87: MEC2005053 | C87: Tám nhôm Annos cho máy SPI | D87: =IF(E87="Guarantee",E87&"||"&B87&"||"&C87,B87&"||"&C87) -> MEC2005053||Tám nhôm Annos cho máy SPI | E87: Mr.Giang GC | F87: VG146-20050018
A88: =ROW()-ROW($A$4) -> 84 | B88: MEC2006001 | C88: Loader Máy đưa bo dạng sheet cho dây chuyền Flux 3F | D88: =IF(E88="Guarantee",E88&"||"&B88&"||"&C88,B88&"||"&C88) -> MEC2006001||Loader Máy đưa bo dạng sheet cho dây chuyền Flux 3F | E88: Mr. Thành Ngô | F88: VG146-200607E
A89: =ROW()-ROW($A$4) -> 85 | B89: MEC2006002 | C89: Unloader Máy nhận bo dạng sheet cho dây chuyền Flux 3F | D89: =IF(E89="Guarantee",E89&"||"&B89&"||"&C89,B89&"||"&C89) -> MEC2006002||Unloader Máy nhận bo dạng sheet cho dây chuyền Flux 3F | E89: Mr. Thành Ngô | F89: VG146-200607E | G89: Dự án 36 máy
A90: =ROW()-ROW($A$4) -> 86 | B90: MEC2007006 | C90: Shaft trục đỡ lô máy mài L1368mm, SUS3116 | D90: =IF(E90="Guarantee",E90&"||"&B90&"||"&C90,B90&"||"&C90) -> MEC2007006||Shaft trục đỡ lô máy mài L1368mm, SUS3116 | E90: Giang GC | F90: VG146-20070001
A91: =ROW()-ROW($A$4) -> 87 | B91: MEC2007007 | C91: Trolley stopper chốt xe đẩy | D91: =IF(E91="Guarantee",E91&"||"&B91&"||"&C91,B91&"||"&C91) -> MEC2007007||Trolley stopper chốt xe đẩy | E91: Giang | F91: PO VG146-2007008
A92: =ROW()-ROW($A$4) -> 88 | B92: MEC2007008 | C92: Dịch vụ cắt tấm Inox 710*630 | D92: =IF(E92="Guarantee",E92&"||"&B92&"||"&C92,B92&"||"&C92) -> MEC2007008||Dịch vụ cắt tấm Inox 710*630 | E92: Gia công | F92: PO VG146-200701C
A93: =ROW()-ROW($A$4) -> 89 | B93: MEC2007009 | C93: Bàn thao tác FCT Stanley cho nhà máy EMS | D93: =IF(E93="Guarantee",E93&"||"&B93&"||"&C93,B93&"||"&C93) -> MEC2007009||Bàn thao tác FCT Stanley cho nhà máy EMS | E93: Chu Văn Tuấn | F93: Chưa PO
A94: =ROW()-ROW($A$4) -> 90 | B94: MEC2007029 | C94: Dịch vụ thay camera đọc dữ liệu 2D barcode MKTC 764 | D94: =IF(E94="Guarantee",E94&"||"&B94&"||"&C94,B94&"||"&C94) -> MEC2007029||Dịch vụ thay camera đọc dữ liệu 2D barcode MKTC 764 | F94: VG146-2007203C
A95: =ROW()-ROW($A$4) -> 91 | B95: MEC2008001 | C95: Phần mềm quản lý dữ liệu cho máy đo độ dày | D95: =IF(E95="Guarantee",E95&"||"&B95&"||"&C95,B95&"||"&C95) -> MEC2008001||Phần mềm quản lý dữ liệu cho máy đo độ dày | E95: Mr. Phi | F95: VG146-20082001
A96: =ROW()-ROW($A$4) -> 92 | B96: MEC2004011 | C96: Thi công mạng lan IOT cho MKVC | D96: =IF(E96="Guarantee",E96&"||"&B96&"||"&C96,B96&"||"&C96) -> MEC2004011||Thi công mạng lan IOT cho MKVC | F96: VG146-200301C
A97: =ROW()-ROW($A$4) -> 93 | B97: MEC2008004 | C97: Cart frame kich thước bo 724*618mm (Bánh xe do MKCV cấp) | D97: =IF(E97="Guarantee",E97&"||"&B97&"||"&C97,B97&"||"&C97) -> MEC2008004||Cart frame kich thước bo 724*618mm (Bánh xe do MKCV cấp)
A98: =ROW()-ROW($A$4) -> 94 | B98: MEC2010011 | C98: SUS sheets SUS304 40*40*1mm (bo góc) | D98: =IF(E98="Guarantee",E98&"||"&B98&"||"&C98,B98&"||"&C98) -> MEC2010011||SUS sheets SUS304 40*40*1mm (bo góc) | F98: Có tiêu
A99: =ROW()-ROW($A$4) -> 95 | B99: MEC2102049 | C99: Service/Dịch vụ sửa chữa máy đột bản mạch | D99: =IF(E99="Guarantee",E99&"||"&B99&"||"&C99,B99&"||"&C99) -> MEC2102049||Service/Dịch vụ sửa chữa máy đột bản mạch
A100: =ROW()-ROW($A$4) -> 96 | B100: MEC2102050 | C100: Service/Dịch vụ sửa chữa dao cắt bản mạch | D100: =IF(E100="Guarantee",E100&"||"&B100&"||"&C100,B100&"||"&C100) -> MEC2102050||Service/Dịch vụ sửa chữa dao cắt bản mạch
A101: =ROW()-ROW($A$4) -> 97 | B101: MEC2103009 | C101: Service dịch vụ sửa tấm SUS (cắt từ 630*710 => 620*710mm) (CUT-210315-02) | D101: =IF(E101="Guarantee",E101&"||"&B101&"||"&C101,B101&"||"&C101) -> MEC2103009||Service dịch vụ sửa tấm SUS (cắt từ 630*710 => 620*710mm) (CUT-210315-02)
A102: =ROW()-ROW($A$4) -> 98 | B102: MEC2103010 | C102: Service/Dịch vụ cắt nhỏ tấm SUS dày 0.5mm từ 510*610 thành 404*535 | D102: =IF(E102="Guarantee",E102&"||"&B102&"||"&C102,B102&"||"&C102) -> MEC2103010||Service/Dịch vụ cắt nhỏ tấm SUS dày 0.5mm từ 510*610 thành 404*535
...

Sheet Hướng dẫn_KT
A2: 1 | B2: Hàng ngày khi có nhân sự mới phải gửi hướng dẫn: theo sheet: ''Hướng dẫn điền timesheet"
A4: 2 | B4: Các nhân sự thuộc các phòng ban sau phải điền timesheet: AUTO, IOT, ICT, AGV, SALE_SERVICE
B5: Thêm nhân sự mới : Vào Sheet DMNV tương ứng với tháng trong file TS_tháng
A21: 3 | B21: Điền các thông tin cần thiết: những cột chữ mờ thì kéo công thức
A35: 4 | B35: Check sheet TS_tháng xem đã hiện tên chưa, nếu chưa có thì kiểm tra lại vùng, insert thêm dòng
B36: Share link cho email ( nếu là email cá nhân, k phải mail công ty)
B37: Phân quyền nhân sự theo từng mail : Bôi đen vùng cần phân quyền=> chọn data=> protect sheet and range => chọn edit=> mail được phân quyền=> bấm lưu
B38: Lưu tên vùng được phân quyền theo nội dung: STT_ID_Tên_Bộ phận
A40: 5 | B40: Các nội dung về điền dự án như thế nào, cảnh báo khi điền sai theo sheet: hướng dẫn điền timesheet
B41: Hàng ngày khi có nhân sự mới phải gửi hướng dẫn
A43: 6 | B43: Cuối tháng check sheet summary
B44: Sheet này là tổng hợp time điền các dự án theo từng nhân sự
B45: Kéo lại công thức hàng tháng
B46: Check cột D phần chênh lệch: thời gian câu từ sheet TS_tháng có đúng k ?Nếu lệch check chi tiết
B47: Check dòng thứ 4 từng nhân sự xem có cảnh báo điền sai k?
B48: Check lại tổng time cột C4 vs tổng thời gian của sheet TS_tháng
A55: Tạo phân quyền điền timesheet
A56: B1 | B56: Tại sheet DMNV
B57: Điền thông tin nhân viên vào sheet DMNV
B58: Lưu ý: Chỉ cần điền tên và email phân quyền, phần vùng phân quyền đang tạo công thức chỉ việc copy từ dòng trên xuống
A59: B2 | B59: Tại sheet Timesheet
B60: Copy thêm vùng dữ liệu cần tạo thêm
B61: Lưu ý: Công thức đã tạo sẵn để chỉ chạy theo STT ở sheet DMNV, không cần điền tay tên NSự ở sheet này
A62: B3 | B62: Tại sheet Timesheet
B63: Click "Set permission" để tiến hành phân quyền lại (nếu có thay đổi STT ở DMNV)
A65: Note: | B65: Đối với các nhân sự đã nghỉ việc, có thể xóa dòng thông tin của NS đó ở sheet DMNV và tiến hành Set permission lại ở các sheet Timesheet

Sheet KT Check
A1: DANH SÁCH DỰ ÁN TỒN NC 154 | D1: DANH SÁCH DỰ ÁN BÁN TRONG THÁNG | I1: DANH SÁCH DỰ ÁN PHÁT SINH TRONG THÁNG
A2: Đến tháng | B2: 45809 | D2: Tháng | E2: =EDATE(B2,1) -> 45839 | I2: Tháng | J2: =E2 -> 45839
A3: Lọc NC<>0, Tồn <>0 | D3: Tên sheet TH | E3: ="Summary_"&TEXT(E2,"MMYY") -> Summary_0725
A4: Mã sản phẩm | B4: Tên sản phẩm | D4: Mã sản phẩm | E4: Tên sản phẩm | F4: Tồn 154 | G4: Số giờ | I4: Mã sản phẩm | J4: Tên sản phẩm | K4: Số giờ | L4: Bán | M4: Tồn
A5: 55MEC2012002 | D5: 55MEC2409006 | E5: MEC2409006||Phần mềm LDI/ Laser cho máy khắc laser Vũ Hán | F5: =IF(IFERROR(VLOOKUP($D5,$A$5:$A$6000,1,FALSE),"x")<>"x","Y",".") -> . | G5: =SUMIFS(INDIRECT(""&$E$3&"!"&"$C$6"):INDIRECT(""&$E$3&"!"&"$C$20000"),INDIRECT(""&$E$3&"!"&"$B$6"):INDIRECT(""&$E$3&"!"&"$B$20000"),$D5) -> #REF! | I5: Annual Leave | J5: Annual Leave | K5: =SUMIFS(INDIRECT(""&$E$3&"!"&"$C$6"):INDIRECT(""&$E$3&"!"&"$C$2000"),INDIRECT(""&$E$3&"!"&"$B$6"):INDIRECT(""&$E$3&"!"&"$B$2000"),$I5) -> #REF! | L5: =IFERROR(VLOOKUP($I5,$D$5:$D$100,1,FALSE),".") -> . | M5: =IFERROR(VLOOKUP($I5,$A$5:$A$200,1,FALSE),".") -> .
A6: 55MEC2004003 | D6: 55MEC2407017_B | E6: Phần mềm xuất file cXML chỉ chứa mã lot + số lượng pcs | F6: =IF(IFERROR(VLOOKUP($D6,$A$5:$A$6000,1,FALSE),"x")<>"x","Y",".") -> . | G6: =SUMIFS(INDIRECT(""&$E$3&"!"&"$C$6"):INDIRECT(""&$E$3&"!"&"$C$20000"),INDIRECT(""&$E$3&"!"&"$B$6"):INDIRECT(""&$E$3&"!"&"$B$20000"),$D6) -> #REF! | I6: Other | J6: Other | K6: =SUMIFS(INDIRECT(""&$E$3&"!"&"$C$6"):INDIRECT(""&$E$3&"!"&"$C$2000"),INDIRECT(""&$E$3&"!"&"$B$6"):INDIRECT(""&$E$3&"!"&"$B$2000"),$I6) -> #REF! | L6: =IFERROR(VLOOKUP($I6,$D$5:$D$100,1,FALSE),".") -> . | M6: =IFERROR(VLOOKUP($I6,$A$5:$A$200,1,FALSE),".") -> .
A7: 55MEC2009011 | D7: 55MEC2407017_A | E7: Phần mềm đọc mã 2D barcode trên sheet và xuất file cXML chứa mã lot + mã pcs | F7: =IF(IFERROR(VLOOKUP($D7,$A$5:$A$6000,1,FALSE),"x")<>"x","Y",".") -> . | G7: =SUMIFS(INDIRECT(""&$E$3&"!"&"$C$6"):INDIRECT(""&$E$3&"!"&"$C$20000"),INDIRECT(""&$E$3&"!"&"$B$6"):INDIRECT(""&$E$3&"!"&"$B$20000"),$D7) -> #REF! | I7: QLC | J7: QLC | K7: =SUMIFS(INDIRECT(""&$E$3&"!"&"$C$6"):INDIRECT(""&$E$3&"!"&"$C$2000"),INDIRECT(""&$E$3&"!"&"$B$6"):INDIRECT(""&$E$3&"!"&"$B$2000"),$I7) -> #REF! | L7: =IFERROR(VLOOKUP($I7,$D$5:$D$100,1,FALSE),".") -> . | M7: =IFERROR(VLOOKUP($I7,$A$5:$A$200,1,FALSE),".") -> .
A8: 55MEC2009010 | D8: 55MEC2403061 | E8: MEC2403061 Máy nhận bo V rack TYPE 4 Line Rửa nước sau ép lớp | F8: =IF(IFERROR(VLOOKUP($D8,$A$5:$A$6000,1,FALSE),"x")<>"x","Y",".") -> Y | G8: =SUMIFS(INDIRECT(""&$E$3&"!"&"$C$6"):INDIRECT(""&$E$3&"!"&"$C$20000"),INDIRECT(""&$E$3&"!"&"$B$6"):INDIRECT(""&$E$3&"!"&"$B$20000"),$D8) -> #REF! | I8: 55MEC2201011 | J8: MEC2201011||Carrier device (Load/Unload) for Laser VIA (4 Axis) for Ishinomaki #1 | K8: =SUMIFS(INDIRECT(""&$E$3&"!"&"$C$6"):INDIRECT(""&$E$3&"!"&"$C$2000"),INDIRECT(""&$E$3&"!"&"$B$6"):INDIRECT(""&$E$3&"!"&"$B$2000"),$I8) -> #REF! | L8: =IFERROR(VLOOKUP($I8,$D$5:$D$100,1,FALSE),".") -> . | M8: =IFERROR(VLOOKUP($I8,$A$5:$A$200,1,FALSE),".") -> 55MEC2201011
A9: 55MEC2107001 | D9: 55MEC2403062 | E9: Máy đưa bo Vrack Line Rửa nước sau ép lớp Fact.3 | F9: =IF(IFERROR(VLOOKUP($D9,$A$5:$A$6000,1,FALSE),"x")<>"x","Y",".") -> Y | G9: =SUMIFS(INDIRECT(""&$E$3&"!"&"$C$6"):INDIRECT(""&$E$3&"!"&"$C$20000"),INDIRECT(""&$E$3&"!"&"$B$6"):INDIRECT(""&$E$3&"!"&"$B$20000"),$D9) -> #REF! | I9: 55MEC2205009 | J9: MEC2205009||2V-rack 1H-rack Unloader (MKUL-DR1-7171IC) | K9: =SUMIFS(INDIRECT(""&$E$3&"!"&"$C$6"):INDIRECT(""&$E$3&"!"&"$C$2000"),INDIRECT(""&$E$3&"!"&"$B$6"):INDIRECT(""&$E$3&"!"&"$B$2000"),$I9) -> #REF! | L9: =IFERROR(VLOOKUP($I9,$D$5:$D$100,1,FALSE),".") -> . | M9: =IFERROR(VLOOKUP($I9,$A$5:$A$200,1,FALSE),".") -> .
A10: 55MEC2109013 | D10: 55MEC2403071 | E10: MEC2403071||Máy đưa bo V rack TYPE 4 Line Glass Etching MEC2403071 | F10: =IF(IFERROR(VLOOKUP($D10,$A$5:$A$6000,1,FALSE),"x")<>"x","Y",".") -> Y | G10: =SUMIFS(INDIRECT(""&$E$3&"!"&"$C$6"):INDIRECT(""&$E$3&"!"&"$C$20000"),INDIRECT(""&$E$3&"!"&"$B$6"):INDIRECT(""&$E$3&"!"&"$B$20000"),$D10) -> #REF! | I10: 55MEC2205029 | J10: MEC2205029||2V-rack 1H-rack Unloader (MKUL-DR1-7171IC) | K10: =SUMIFS(INDIRECT(""&$E$3&"!"&"$C$6"):INDIRECT(""&$E$3&"!"&"$C$2000"),INDIRECT(""&$E$3&"!"&"$B$6"):INDIRECT(""&$E$3&"!"&"$B$2000"),$I10) -> #REF! | L10: =IFERROR(VLOOKUP($I10,$D$5:$D$100,1,FALSE),".") -> . | M10: =IFERROR(VLOOKUP($I10,$A$5:$A$200,1,FALSE),".") -> .
A11: 55MEC2109024 | D11: 55MEC2403073 | E11: Máy đưa bo V rack TYPE 4 Line Glass Etching MEC2403073 | F11: =IF(IFERROR(VLOOKUP($D11,$A$5:$A$6000,1,FALSE),"x")<>"x","Y",".") -> Y | G11: =SUMIFS(INDIRECT(""&$E$3&"!"&"$C$6"):INDIRECT(""&$E$3&"!"&"$C$20000"),INDIRECT(""&$E$3&"!"&"$B$6"):INDIRECT(""&$E$3&"!"&"$B$20000"),$D11) -> #REF! | I11: 55MEC2206012 | J11: MEC2206012||第3 ２FのVCP- XVIA #2 投入機 BOX 式 Máy đưa bo PKG BOX line VCP-XVIA #2 | K11: =SUMIFS(INDIRECT(""&$E$3&"!"&"$C$6"):INDIRECT(""&$E$3&"!"&"$C$2000"),INDIRECT(""&$E$3&"!"&"$B$6"):INDIRECT(""&$E$3&"!"&"$B$2000"),$I11) -> #REF! | L11: =IFERROR(VLOOKUP($I11,$D$5:$D$100,1,FALSE),".") -> . | M11: =IFERROR(VLOOKUP($I11,$A$5:$A$200,1,FALSE),".") -> .
A12: 55MEC2111030 | D12: 55MEC2412001 | E12: MEC2412001||Dịch vụ sửa chữa máy đưa bo line in sơn lấp lỗ #1 | F12: =IF(IFERROR(VLOOKUP($D12,$A$5:$A$6000,1,FALSE),"x")<>"x","Y",".") -> Y | G12: V | I12: 55MEC2208020 | J12: MEC2208020||プラズマ処理 投入機（マガジン式） Máy đưa bo line Xử lý Plasma (Magazine) | K12: =SUMIFS(INDIRECT(""&$E$3&"!"&"$C$6"):INDIRECT(""&$E$3&"!"&"$C$2000"),INDIRECT(""&$E$3&"!"&"$B$6"):INDIRECT(""&$E$3&"!"&"$B$2000"),$I12) -> #REF! | L12: =IFERROR(VLOOKUP($I12,$D$5:$D$100,1,FALSE),".") -> . | M12: =IFERROR(VLOOKUP($I12,$A$5:$A$200,1,FALSE),".") -> .
A13: 55MEC2112010 | D13: 55MEC2412002 | E13: Dịch vụ sửa robot 6 trục máy đưa bo line TXL#3 TM NM3 | F13: =IF(IFERROR(VLOOKUP($D13,$A$5:$A$6000,1,FALSE),"x")<>"x","Y",".") -> . | G13: =SUMIFS(INDIRECT(""&$E$3&"!"&"$C$6"):INDIRECT(""&$E$3&"!"&"$C$20000"),INDIRECT(""&$E$3&"!"&"$B$6"):INDIRECT(""&$E$3&"!"&"$B$20000"),$D13) -> #REF! | I13: 55MEC2211007 | J13: MEC2211007||Phát triển sản phẩm IoT Meiko Automation (Giai đoạn 3 - MKVC) | K13: =SUMIFS(INDIRECT(""&$E$3&"!"&"$C$6"):INDIRECT(""&$E$3&"!"&"$C$2000"),INDIRECT(""&$E$3&"!"&"$B$6"):INDIRECT(""&$E$3&"!"&"$B$2000"),$I13) -> #REF! | L13: =IFERROR(VLOOKUP($I13,$D$5:$D$100,1,FALSE),".") -> . | M13: =IFERROR(VLOOKUP($I13,$A$5:$A$200,1,FALSE),".") -> 55MEC2211007
A14: 55MEC2112011 | D14: 55MEC2401005 | E14: MEC2401005||Lắp đặt máy cho nhà máy Tendou giai đoạn 2/ Installation fees of matehan machine at Tendo factory | F14: =IF(IFERROR(VLOOKUP($D14,$A$5:$A$6000,1,FALSE),"x")<>"x","Y",".") -> Y | G14: =SUMIFS(INDIRECT(""&$E$3&"!"&"$C$6"):INDIRECT(""&$E$3&"!"&"$C$20000"),INDIRECT(""&$E$3&"!"&"$B$6"):INDIRECT(""&$E$3&"!"&"$B$20000"),$D14) -> #REF! | I14: 55MEC2304014 | J14: MEC2304014||Dự án cải tiến AGF cho nhà máy Canon Thăng Long (xe đầu tiên) | K14: =SUMIFS(INDIRECT(""&$E$3&"!"&"$C$6"):INDIRECT(""&$E$3&"!"&"$C$2000"),INDIRECT(""&$E$3&"!"&"$B$6"):INDIRECT(""&$E$3&"!"&"$B$2000"),$I14) -> #REF! | L14: =IFERROR(VLOOKUP($I14,$D$5:$D$100,1,FALSE),".") -> . | M14: =IFERROR(VLOOKUP($I14,$A$5:$A$200,1,FALSE),".") -> .
A15: 55MEC2112012 | D15: 55MEC2308005 | E15: Services Hạ tầng nhà máy MKVC (tháng 7/2024 - tháng 12/2024) | F15: =IF(IFERROR(VLOOKUP($D15,$A$5:$A$6000,1,FALSE),"x")<>"x","Y",".") -> . | G15: =SUMIFS(INDIRECT(""&$E$3&"!"&"$C$6"):INDIRECT(""&$E$3&"!"&"$C$20000"),INDIRECT(""&$E$3&"!"&"$B$6"):INDIRECT(""&$E$3&"!"&"$B$20000"),$D15) -> #REF! | I15: 55MEC2305009 | J15: MEC2305009||Máy nhận bo line in chữ bằng tay- Semi Cure 手動印刷～セミキュア受取機 | K15: =SUMIFS(INDIRECT(""&$E$3&"!"&"$C$6"):INDIRECT(""&$E$3&"!"&"$C$2000"),INDIRECT(""&$E$3&"!"&"$B$6"):INDIRECT(""&$E$3&"!"&"$B$2000"),$I15) -> #REF! | L15: =IFERROR(VLOOKUP($I15,$D$5:$D$100,1,FALSE),".") -> . | M15: =IFERROR(VLOOKUP($I15,$A$5:$A$200,1,FALSE),".") -> .
A16: 55MEC2112013 | D16: 55MEC2308006 | E16: Services Hạ tầng nhà máy MKTC (tháng 7/2024 - tháng 12/2024) | F16: =IF(IFERROR(VLOOKUP($D16,$A$5:$A$6000,1,FALSE),"x")<>"x","Y",".") -> . | G16: =SUMIFS(INDIRECT(""&$E$3&"!"&"$C$6"):INDIRECT(""&$E$3&"!"&"$C$20000"),INDIRECT(""&$E$3&"!"&"$B$6"):INDIRECT(""&$E$3&"!"&"$B$20000"),$D16) -> #REF! | I16: 55MEC2305013 | J16: MEC2305013||CZ処理 投入機（マガジン式） Máy đưa bo line CZ (Magazine) | K16: =SUMIFS(INDIRECT(""&$E$3&"!"&"$C$6"):INDIRECT(""&$E$3&"!"&"$C$2000"),INDIRECT(""&$E$3&"!"&"$B$6"):INDIRECT(""&$E$3&"!"&"$B$2000"),$I16) -> #REF! | L16: =IFERROR(VLOOKUP($I16,$D$5:$D$100,1,FALSE),".") -> . | M16: =IFERROR(VLOOKUP($I16,$A$5:$A$200,1,FALSE),".") -> .
A17: 55MEC2112014 | D17: 55MEC2407033 | E17: MEC2407033||Sửa chữa máy VCP#9_240702 | F17: =IF(IFERROR(VLOOKUP($D17,$A$5:$A$6000,1,FALSE),"x")<>"x","Y",".") -> Y | G17: =SUMIFS(INDIRECT(""&$E$3&"!"&"$C$6"):INDIRECT(""&$E$3&"!"&"$C$20000"),INDIRECT(""&$E$3&"!"&"$B$6"):INDIRECT(""&$E$3&"!"&"$B$20000"),$D17) -> #REF! | I17: 55MEC2305014 | J17: MEC2305014||ABFラミネート 受取機（マガジン式） Máy nhận bo line Dán màng ABF (Magazine) | K17: =SUMIFS(INDIRECT(""&$E$3&"!"&"$C$6"):INDIRECT(""&$E$3&"!"&"$C$2000"),INDIRECT(""&$E$3&"!"&"$B$6"):INDIRECT(""&$E$3&"!"&"$B$2000"),$I17) -> #REF! | L17: =IFERROR(VLOOKUP($I17,$D$5:$D$100,1,FALSE),".") -> . | M17: =IFERROR(VLOOKUP($I17,$A$5:$A$200,1,FALSE),".") -> .
A18: 55MEC2112015 | D18: 55MEC2407032 | E18: MEC2407032||Sửa chữa máy VCP#9 | F18: =IF(IFERROR(VLOOKUP($D18,$A$5:$A$6000,1,FALSE),"x")<>"x","Y",".") -> Y | G18: =SUMIFS(INDIRECT(""&$E$3&"!"&"$C$6"):INDIRECT(""&$E$3&"!"&"$C$20000"),INDIRECT(""&$E$3&"!"&"$B$6"):INDIRECT(""&$E$3&"!"&"$B$20000"),$D18) -> #REF! | I18: 55MEC2305017 | J18: MEC2305017||SR印刷→セミキュア 投入機（マガジン式） Máy đưa bo line In SR --> bán cố hóa (Magazine) | K18: =SUMIFS(INDIRECT(""&$E$3&"!"&"$C$6"):INDIRECT(""&$E$3&"!"&"$C$2000"),INDIRECT(""&$E$3&"!"&"$B$6"):INDIRECT(""&$E$3&"!"&"$B$2000"),$I18) -> #REF! | L18: =IFERROR(VLOOKUP($I18,$D$5:$D$100,1,FALSE),".") -> . | M18: =IFERROR(VLOOKUP($I18,$A$5:$A$200,1,FALSE),".") -> .
A19: 55MEC2112016 | D19: 55MEC2411027 | E19: MEC2411027||Dịch vụ làm chương trình khắc và kiểm tra 2D barcode hàng Z 8L mã 2369-1012 và 2369-2106 | F19: =IF(IFERROR(VLOOKUP($D19,$A$5:$A$6000,1,FALSE),"x")<>"x","Y",".") -> Y | G19: =SUMIFS(INDIRECT(""&$E$3&"!"&"$C$6"):INDIRECT(""&$E$3&"!"&"$C$20000"),INDIRECT(""&$E$3&"!"&"$B$6"):INDIRECT(""&$E$3&"!"&"$B$20000"),$D19) -> #REF! | I19: 55MEC2305018 | J19: MEC2305018||SR印刷 受取機（マガジン式） Máy nhận bo line SR (Magazine) | K19: =SUMIFS(INDIRECT(""&$E$3&"!"&"$C$6"):INDIRECT(""&$E$3&"!"&"$C$2000"),INDIRECT(""&$E$3&"!"&"$B$6"):INDIRECT(""&$E$3&"!"&"$B$2000"),$I19) -> #REF! | L19: =IFERROR(VLOOKUP($I19,$D$5:$D$100,1,FALSE),".") -> . | M19: =IFERROR(VLOOKUP($I19,$A$5:$A$200,1,FALSE),".") -> .
A20: 55MEC2201001 | D20: 55MEC2411018 | E20: Dịch vụ bảo dưỡng hệ thống PCCC MKVC | F20: =IF(IFERROR(VLOOKUP($D20,$A$5:$A$6000,1,FALSE),"x")<>"x","Y",".") -> . | G20: =SUMIFS(INDIRECT(""&$E$3&"!"&"$C$6"):INDIRECT(""&$E$3&"!"&"$C$20000"),INDIRECT(""&$E$3&"!"&"$B$6"):INDIRECT(""&$E$3&"!"&"$B$20000"),$D20) -> #REF! | I20: 55MEC2305019 | J20: MEC2305019||UV照射 受取機（マガジン式） Máy nhận bo line chiếu UV (Magazine) | K20: =SUMIFS(INDIRECT(""&$E$3&"!"&"$C$6"):INDIRECT(""&$E$3&"!"&"$C$2000"),INDIRECT(""&$E$3&"!"&"$B$6"):INDIRECT(""&$E$3&"!"&"$B$2000"),$I20) -> #REF! | L20: =IFERROR(VLOOKUP($I20,$D$5:$D$100,1,FALSE),".") -> . | M20: =IFERROR(VLOOKUP($I20,$A$5:$A$200,1,FALSE),".") -> .
A21: 55MEC2201002 | F21: =IF(IFERROR(VLOOKUP($D21,$A$5:$A$6000,1,FALSE),"x")<>"x","Y",".") -> . | G21: =SUMIFS(INDIRECT(""&$E$3&"!"&"$C$6"):INDIRECT(""&$E$3&"!"&"$C$20000"),INDIRECT(""&$E$3&"!"&"$B$6"):INDIRECT(""&$E$3&"!"&"$B$20000"),$D21) -> #REF! | I21: 55MEC2305020 | J21: MEC2305020||ウェットブラスト→酸洗 投入機（マガジン式） Máy đưa bo line Wet blast -> Rửa axit (Magazine) | K21: =SUMIFS(INDIRECT(""&$E$3&"!"&"$C$6"):INDIRECT(""&$E$3&"!"&"$C$2000"),INDIRECT(""&$E$3&"!"&"$B$6"):INDIRECT(""&$E$3&"!"&"$B$2000"),$I21) -> #REF! | L21: =IFERROR(VLOOKUP($I21,$D$5:$D$100,1,FALSE),".") -> . | M21: =IFERROR(VLOOKUP($I21,$A$5:$A$200,1,FALSE),".") -> .
A22: 55MEC2201011 | D22: sửa lại mã PCCC vì là mua hàng thương mại | F22: =IF(IFERROR(VLOOKUP($D22,$A$5:$A$6000,1,FALSE),"x")<>"x","Y",".") -> . | G22: =SUMIFS(INDIRECT(""&$E$3&"!"&"$C$6"):INDIRECT(""&$E$3&"!"&"$C$20000"),INDIRECT(""&$E$3&"!"&"$B$6"):INDIRECT(""&$E$3&"!"&"$B$20000"),$D22) -> #REF! | I22: 55MEC2308005 | J22: MEC2308005||Services Hạ tầng nhà máy MKVC (tháng 7/2024 - tháng 12/2024) | K22: =SUMIFS(INDIRECT(""&$E$3&"!"&"$C$6"):INDIRECT(""&$E$3&"!"&"$C$2000"),INDIRECT(""&$E$3&"!"&"$B$6"):INDIRECT(""&$E$3&"!"&"$B$2000"),$I22) -> #REF! | L22: =IFERROR(VLOOKUP($I22,$D$5:$D$100,1,FALSE),".") -> 55MEC2308005 | M22: =IFERROR(VLOOKUP($I22,$A$5:$A$200,1,FALSE),".") -> .
A23: 55MEC2201013 | D23: mã MEC2407017_B và 55MEC2407017_A | F23: =IF(IFERROR(VLOOKUP($D23,$A$5:$A$6000,1,FALSE),"x")<>"x","Y",".") -> . | G23: =SUMIFS(INDIRECT(""&$E$3&"!"&"$C$6"):INDIRECT(""&$E$3&"!"&"$C$20000"),INDIRECT(""&$E$3&"!"&"$B$6"):INDIRECT(""&$E$3&"!"&"$B$20000"),$D23) -> #REF! | I23: 55MEC2308006 | J23: MEC2308006||Services Hạ tầng nhà máy MKTC (tháng 7/2024 - tháng 12/2024) | K23: =SUMIFS(INDIRECT(""&$E$3&"!"&"$C$6"):INDIRECT(""&$E$3&"!"&"$C$2000"),INDIRECT(""&$E$3&"!"&"$B$6"):INDIRECT(""&$E$3&"!"&"$B$2000"),$I23) -> #REF! | L23: =IFERROR(VLOOKUP($I23,$D$5:$D$100,1,FALSE),".") -> 55MEC2308006 | M23: =IFERROR(VLOOKUP($I23,$A$5:$A$200,1,FALSE),".") -> .
A24: 55MEC2203003 | F24: =IF(IFERROR(VLOOKUP($D24,$A$5:$A$6000,1,FALSE),"x")<>"x","Y",".") -> . | G24: =SUMIFS(INDIRECT(""&$E$3&"!"&"$C$6"):INDIRECT(""&$E$3&"!"&"$C$20000"),INDIRECT(""&$E$3&"!"&"$B$6"):INDIRECT(""&$E$3&"!"&"$B$20000"),$D24) -> #REF! | I24: 55MEC2309021 | J24: MEC2309021||Máy đưa bo (Loader) V rack TYPE 3 line Mài lỗ （３F SR） 穴理研磨 （３F SR） 投入機（Vラック） | K24: =SUMIFS(INDIRECT(""&$E$3&"!"&"$C$6"):INDIRECT(""&$E$3&"!"&"$C$2000"),INDIRECT(""&$E$3&"!"&"$B$6"):INDIRECT(""&$E$3&"!"&"$B$2000"),$I24) -> #REF! | L24: =IFERROR(VLOOKUP($I24,$D$5:$D$100,1,FALSE),".") -> . | M24: =IFERROR(VLOOKUP($I24,$A$5:$A$200,1,FALSE),".") -> .
A25: 55MEC2203004 | F25: =IF(IFERROR(VLOOKUP($D25,$A$5:$A$6000,1,FALSE),"x")<>"x","Y",".") -> . | G25: =SUMIFS(INDIRECT(""&$E$3&"!"&"$C$6"):INDIRECT(""&$E$3&"!"&"$C$20000"),INDIRECT(""&$E$3&"!"&"$B$6"):INDIRECT(""&$E$3&"!"&"$B$20000"),$D25) -> #REF! | I25: 55MEC2309024 | J25: MEC2309024||Máy đưa bo (Loader) L rack 投入機（Lラック） | K25: =SUMIFS(INDIRECT(""&$E$3&"!"&"$C$6"):INDIRECT(""&$E$3&"!"&"$C$2000"),INDIRECT(""&$E$3&"!"&"$B$6"):INDIRECT(""&$E$3&"!"&"$B$2000"),$I25) -> #REF! | L25: =IFERROR(VLOOKUP($I25,$D$5:$D$100,1,FALSE),".") -> . | M25: =IFERROR(VLOOKUP($I25,$A$5:$A$200,1,FALSE),".") -> .
A26: 55MEC2204003 | F26: =IF(IFERROR(VLOOKUP($D26,$A$5:$A$6000,1,FALSE),"x")<>"x","Y",".") -> . | G26: =SUMIFS(INDIRECT(""&$E$3&"!"&"$C$6"):INDIRECT(""&$E$3&"!"&"$C$20000"),INDIRECT(""&$E$3&"!"&"$B$6"):INDIRECT(""&$E$3&"!"&"$B$20000"),$D26) -> #REF! | I26: 55MEC2310016 | J26: MEC2310016|| Máy Unloading Magazine dạng sheet | K26: =SUMIFS(INDIRECT(""&$E$3&"!"&"$C$6"):INDIRECT(""&$E$3&"!"&"$C$2000"),INDIRECT(""&$E$3&"!"&"$B$6"):INDIRECT(""&$E$3&"!"&"$B$2000"),$I26) -> #REF! | L26: =IFERROR(VLOOKUP($I26,$D$5:$D$100,1,FALSE),".") -> . | M26: =IFERROR(VLOOKUP($I26,$A$5:$A$200,1,FALSE),".") -> 55MEC2310016
A27: 55MEC2207011 | F27: =IF(IFERROR(VLOOKUP($D27,$A$5:$A$6000,1,FALSE),"x")<>"x","Y",".") -> . | G27: =SUMIFS(INDIRECT(""&$E$3&"!"&"$C$6"):INDIRECT(""&$E$3&"!"&"$C$20000"),INDIRECT(""&$E$3&"!"&"$B$6"):INDIRECT(""&$E$3&"!"&"$B$20000"),$D27) -> #REF! | I27: 55MEC2311012 | J27: MEC2311012||Máy khắc 2D code bo mạch, tự động Load và Unload | K27: =SUMIFS(INDIRECT(""&$E$3&"!"&"$C$6"):INDIRECT(""&$E$3&"!"&"$C$2000"),INDIRECT(""&$E$3&"!"&"$B$6"):INDIRECT(""&$E$3&"!"&"$B$2000"),$I27) -> #REF! | L27: =IFERROR(VLOOKUP($I27,$D$5:$D$100,1,FALSE),".") -> . | M27: =IFERROR(VLOOKUP($I27,$A$5:$A$200,1,FALSE),".") -> .
A28: 55MEC2209009 | F28: =IF(IFERROR(VLOOKUP($D28,$A$5:$A$6000,1,FALSE),"x")<>"x","Y",".") -> . | G28: =SUMIFS(INDIRECT(""&$E$3&"!"&"$C$6"):INDIRECT(""&$E$3&"!"&"$C$20000"),INDIRECT(""&$E$3&"!"&"$B$6"):INDIRECT(""&$E$3&"!"&"$B$20000"),$D28) -> #REF! | I28: 55MEC2403010 | J28: MEC2403010||Máy đưa bo Vrack Line rửa nguyên vật liệu | K28: =SUMIFS(INDIRECT(""&$E$3&"!"&"$C$6"):INDIRECT(""&$E$3&"!"&"$C$2000"),INDIRECT(""&$E$3&"!"&"$B$6"):INDIRECT(""&$E$3&"!"&"$B$2000"),$I28) -> #REF! | L28: =IFERROR(VLOOKUP($I28,$D$5:$D$100,1,FALSE),".") -> . | M28: =IFERROR(VLOOKUP($I28,$A$5:$A$200,1,FALSE),".") -> 55MEC2403010
A29: 55MEC2209010 | F29: =IF(IFERROR(VLOOKUP($D29,$A$5:$A$6000,1,FALSE),"x")<>"x","Y",".") -> . | G29: =SUMIFS(INDIRECT(""&$E$3&"!"&"$C$6"):INDIRECT(""&$E$3&"!"&"$C$20000"),INDIRECT(""&$E$3&"!"&"$B$6"):INDIRECT(""&$E$3&"!"&"$B$20000"),$D29) -> #REF! | I29: 55MEC2403011 | J29: MEC2403011||Máy nhận bo Vrack Line rửa nguyên vật liệu | K29: =SUMIFS(INDIRECT(""&$E$3&"!"&"$C$6"):INDIRECT(""&$E$3&"!"&"$C$2000"),INDIRECT(""&$E$3&"!"&"$B$6"):INDIRECT(""&$E$3&"!"&"$B$2000"),$I29) -> #REF! | L29: =IFERROR(VLOOKUP($I29,$D$5:$D$100,1,FALSE),".") -> . | M29: =IFERROR(VLOOKUP($I29,$A$5:$A$200,1,FALSE),".") -> 55MEC2403011
A30: 55MEC2209011 | F30: =IF(IFERROR(VLOOKUP($D30,$A$5:$A$6000,1,FALSE),"x")<>"x","Y",".") -> . | G30: =SUMIFS(INDIRECT(""&$E$3&"!"&"$C$6"):INDIRECT(""&$E$3&"!"&"$C$20000"),INDIRECT(""&$E$3&"!"&"$B$6"):INDIRECT(""&$E$3&"!"&"$B$20000"),$D30) -> #REF! | I30: 55MEC2403012 | J30: MEC2403012||Máy nhận bo Vrack Line LPR ＃3 | K30: =SUMIFS(INDIRECT(""&$E$3&"!"&"$C$6"):INDIRECT(""&$E$3&"!"&"$C$2000"),INDIRECT(""&$E$3&"!"&"$B$6"):INDIRECT(""&$E$3&"!"&"$B$2000"),$I30) -> #REF! | L30: =IFERROR(VLOOKUP($I30,$D$5:$D$100,1,FALSE),".") -> . | M30: =IFERROR(VLOOKUP($I30,$A$5:$A$200,1,FALSE),".") -> .
A31: 55MEC2210004 | F31: =IF(IFERROR(VLOOKUP($D31,$A$5:$A$6000,1,FALSE),"x")<>"x","Y",".") -> . | G31: =SUMIFS(INDIRECT(""&$E$3&"!"&"$C$6"):INDIRECT(""&$E$3&"!"&"$C$20000"),INDIRECT(""&$E$3&"!"&"$B$6"):INDIRECT(""&$E$3&"!"&"$B$20000"),$D31) -> #REF! | I31: 55MEC2403013 | J31: MEC2403013||Máy nhận bo Vrack Line LPR ＃4 | K31: =SUMIFS(INDIRECT(""&$E$3&"!"&"$C$6"):INDIRECT(""&$E$3&"!"&"$C$2000"),INDIRECT(""&$E$3&"!"&"$B$6"):INDIRECT(""&$E$3&"!"&"$B$2000"),$I31) -> #REF! | L31: =IFERROR(VLOOKUP($I31,$D$5:$D$100,1,FALSE),".") -> . | M31: =IFERROR(VLOOKUP($I31,$A$5:$A$200,1,FALSE),".") -> .
A32: 55MEC2211007 | F32: =IF(IFERROR(VLOOKUP($D32,$A$5:$A$6000,1,FALSE),"x")<>"x","Y",".") -> . | G32: =SUMIFS(INDIRECT(""&$E$3&"!"&"$C$6"):INDIRECT(""&$E$3&"!"&"$C$20000"),INDIRECT(""&$E$3&"!"&"$B$6"):INDIRECT(""&$E$3&"!"&"$B$20000"),$D32) -> #REF! | I32: 55MEC2403014 | J32: MEC2403014||Máy đưa bo Vrack Line Tự động chụp sáng #1 | K32: =SUMIFS(INDIRECT(""&$E$3&"!"&"$C$6"):INDIRECT(""&$E$3&"!"&"$C$2000"),INDIRECT(""&$E$3&"!"&"$B$6"):INDIRECT(""&$E$3&"!"&"$B$2000"),$I32) -> #REF! | L32: =IFERROR(VLOOKUP($I32,$D$5:$D$100,1,FALSE),".") -> . | M32: =IFERROR(VLOOKUP($I32,$A$5:$A$200,1,FALSE),".") -> .
A33: 55MEC2301010 | F33: =IF(IFERROR(VLOOKUP($D33,$A$5:$A$6000,1,FALSE),"x")<>"x","Y",".") -> . | G33: =SUMIFS(INDIRECT(""&$E$3&"!"&"$C$6"):INDIRECT(""&$E$3&"!"&"$C$20000"),INDIRECT(""&$E$3&"!"&"$B$6"):INDIRECT(""&$E$3&"!"&"$B$20000"),$D33) -> #REF! | I33: 55MEC2403025 | J33: MEC2403025||受取機（平積・合紙） Máy nhận bo (H rack + IC) Inline AOI MEC2403025 | K33: =SUMIFS(INDIRECT(""&$E$3&"!"&"$C$6"):INDIRECT(""&$E$3&"!"&"$C$2000"),INDIRECT(""&$E$3&"!"&"$B$6"):INDIRECT(""&$E$3&"!"&"$B$2000"),$I33) -> #REF! | L33: =IFERROR(VLOOKUP($I33,$D$5:$D$100,1,FALSE),".") -> . | M33: =IFERROR(VLOOKUP($I33,$A$5:$A$200,1,FALSE),".") -> 55MEC2403025
A34: 55MEC2303015 | F34: =IF(IFERROR(VLOOKUP($D34,$A$5:$A$6000,1,FALSE),"x")<>"x","Y",".") -> . | G34: =SUMIFS(INDIRECT(""&$E$3&"!"&"$C$6"):INDIRECT(""&$E$3&"!"&"$C$20000"),INDIRECT(""&$E$3&"!"&"$B$6"):INDIRECT(""&$E$3&"!"&"$B$20000"),$D34) -> #REF! | I34: 55MEC2403026 | J34: MEC2403026||受取機（平積・合紙） Máy nhận bo (H rack + IC) Inline AOI MEC2403026 | K34: =SUMIFS(INDIRECT(""&$E$3&"!"&"$C$6"):INDIRECT(""&$E$3&"!"&"$C$2000"),INDIRECT(""&$E$3&"!"&"$B$6"):INDIRECT(""&$E$3&"!"&"$B$2000"),$I34) -> #REF! | L34: =IFERROR(VLOOKUP($I34,$D$5:$D$100,1,FALSE),".") -> . | M34: =IFERROR(VLOOKUP($I34,$A$5:$A$200,1,FALSE),".") -> 55MEC2403026
A35: 55MEC2307001 | F35: =IF(IFERROR(VLOOKUP($D35,$A$5:$A$6000,1,FALSE),"x")<>"x","Y",".") -> . | G35: =SUMIFS(INDIRECT(""&$E$3&"!"&"$C$6"):INDIRECT(""&$E$3&"!"&"$C$20000"),INDIRECT(""&$E$3&"!"&"$B$6"):INDIRECT(""&$E$3&"!"&"$B$20000"),$D35) -> #REF! | I35: 55MEC2403028 | J35: MEC2403028||Máy nhận bo V rack TYPE 4 Line Mài sau ép lớp | K35: =SUMIFS(INDIRECT(""&$E$3&"!"&"$C$6"):INDIRECT(""&$E$3&"!"&"$C$2000"),INDIRECT(""&$E$3&"!"&"$B$6"):INDIRECT(""&$E$3&"!"&"$B$2000"),$I35) -> #REF! | L35: =IFERROR(VLOOKUP($I35,$D$5:$D$100,1,FALSE),".") -> . | M35: =IFERROR(VLOOKUP($I35,$A$5:$A$200,1,FALSE),".") -> .
... A114: 55MEC2403039 | F114: =IF(IFERROR(VLOOKUP($D114,$A$5:$A$6000,1,FALSE),"x")<>"x","Y",".") -> . | G114: =SUMIFS(INDIRECT(""&$E$3&"!"&"$C$6"):INDIRECT(""&$E$3&"!"&"$C$20000"),INDIRECT(""&$E$3&"!"&"$B$6"):INDIRECT(""&$E$3&"!"&"$B$20000"),$D114) -> #REF! | I114: 55MEC2410006 | J114: MEC2410006||Dán màng tầng 2 - Máy nhận bo MEC2102017 | K114: =SUMIFS(INDIRECT(""&$E$3&"!"&"$C$6"):INDIRECT(""&$E$3&"!"&"$C$2000"),INDIRECT(""&$E$3&"!"&"$B$6"):INDIRECT(""&$E$3&"!"&"$B$2000"),$I114) -> #REF! | L114: =IFERROR(VLOOKUP($I114,$D$5:$D$100,1,FALSE),".") -> . | M114: =IFERROR(VLOOKUP($I114,$A$5:$A$200,1,FALSE),".") -> .
A115: 55MEC2403043 | I115: 55MEC2410008 | J115: MEC2410008||Dự án Robot an ninh (T10 -> T12/2024: Bác chủ tịch | K115: =SUMIFS(INDIRECT(""&$E$3&"!"&"$C$6"):INDIRECT(""&$E$3&"!"&"$C$2000"),INDIRECT(""&$E$3&"!"&"$B$6"):INDIRECT(""&$E$3&"!"&"$B$2000"),$I115) -> #REF! | L115: =IFERROR(VLOOKUP($I115,$D$5:$D$100,1,FALSE),".") -> . | M115: =IFERROR(VLOOKUP($I115,$A$5:$A$200,1,FALSE),".") -> 55MEC2410008
A116: 55MEC2403071 | I116: 55MEC2410011 | J116: MEC2410011||Carrier Device (Load & Unload) for ML605 laser processing, Fact.4 MKVC #1 | K116: =SUMIFS(INDIRECT(""&$E$3&"!"&"$C$6"):INDIRECT(""&$E$3&"!"&"$C$2000"),INDIRECT(""&$E$3&"!"&"$B$6"):INDIRECT(""&$E$3&"!"&"$B$2000"),$I116) -> #REF! | L116: =IFERROR(VLOOKUP($I116,$D$5:$D$100,1,FALSE),".") -> . | M116: =IFERROR(VLOOKUP($I116,$A$5:$A$200,1,FALSE),".") -> 55MEC2410011
A117: 55MEC2404004 | I117: 55MEC2410020 | J117: MEC2410020||Carrier Device (Load & Unload) for ML605 laser processing, Fact.4 MKVC #10 | K117: =SUMIFS(INDIRECT(""&$E$3&"!"&"$C$6"):INDIRECT(""&$E$3&"!"&"$C$2000"),INDIRECT(""&$E$3&"!"&"$B$6"):INDIRECT(""&$E$3&"!"&"$B$2000"),$I117) -> #REF! | L117: =IFERROR(VLOOKUP($I117,$D$5:$D$100,1,FALSE),".") -> . | M117: =IFERROR(VLOOKUP($I117,$A$5:$A$200,1,FALSE),".") -> .
A118: 55MEC2404005 | I118: 55MEC2410021 | J118: MEC2410021||Dịch vụ cải tiến máy nhận bo dùng xe V, Tạo mạch line Des #1 - #4 và mạ đồng , Line Desmear#5 | K118: =SUMIFS(INDIRECT(""&$E$3&"!"&"$C$6"):INDIRECT(""&$E$3&"!"&"$C$2000"),INDIRECT(""&$E$3&"!"&"$B$6"):INDIRECT(""&$E$3&"!"&"$B$2000"),$I118) -> #REF! | L118: =IFERROR(VLOOKUP($I118,$D$5:$D$100,1,FALSE),".") -> . | M118: =IFERROR(VLOOKUP($I118,$A$5:$A$200,1,FALSE),".") -> 55MEC2410021
A119: 55MEC2404008 | I119: 55MEC2410026 | J119: MEC2410026||1F 積層 V-Bond #2 投入機（Vラック) Máy đưa bo Vrack Line V-Bond #2 ép lớp 1F | K119: =SUMIFS(INDIRECT(""&$E$3&"!"&"$C$6"):INDIRECT(""&$E$3&"!"&"$C$2000"),INDIRECT(""&$E$3&"!"&"$B$6"):INDIRECT(""&$E$3&"!"&"$B$2000"),$I119) -> #REF! | L119: =IFERROR(VLOOKUP($I119,$D$5:$D$100,1,FALSE),".") -> . | M119: =IFERROR(VLOOKUP($I119,$A$5:$A$200,1,FALSE),".") -> .
A120: 55MEC2408004 | I120: 55MEC2410031 | J120: MEC2410031||1F 積層 レーザ加工前処理ライン 投入機 Máy đưa bo Line tiền xử lý Laser 1F | K120: =SUMIFS(INDIRECT(""&$E$3&"!"&"$C$6"):INDIRECT(""&$E$3&"!"&"$C$2000"),INDIRECT(""&$E$3&"!"&"$B$6"):INDIRECT(""&$E$3&"!"&"$B$2000"),$I120) -> #REF! | L120: =IFERROR(VLOOKUP($I120,$D$5:$D$100,1,FALSE),".") -> . | M120: =IFERROR(VLOOKUP($I120,$A$5:$A$200,1,FALSE),".") -> .
A121: 55MEC2408005 | I121: 55MEC2410033 | J121: MEC2410033||1F 穴明け 洗浄工ライン 投入機（Vラック) Máy đưa bo Vrack Line Rửa sau khoan NC 1F | K121: =SUMIFS(INDIRECT(""&$E$3&"!"&"$C$6"):INDIRECT(""&$E$3&"!"&"$C$2000"),INDIRECT(""&$E$3&"!"&"$B$6"):INDIRECT(""&$E$3&"!"&"$B$2000"),$I121) -> #REF! | L121: =IFERROR(VLOOKUP($I121,$D$5:$D$100,1,FALSE),".") -> . | M121: =IFERROR(VLOOKUP($I121,$A$5:$A$200,1,FALSE),".") -> .
A122: 55MEC2408006 | I122: 55MEC2410036 | J122: MEC2410036||1F 穴明け 洗浄工ライン 受取機（Vラック) Máy nhận bo Vrack Line Rửa sau khoan NC 1F | K122: =SUMIFS(INDIRECT(""&$E$3&"!"&"$C$6"):INDIRECT(""&$E$3&"!"&"$C$2000"),INDIRECT(""&$E$3&"!"&"$B$6"):INDIRECT(""&$E$3&"!"&"$B$2000"),$I122) -> #REF! | L122: =IFERROR(VLOOKUP($I122,$D$5:$D$100,1,FALSE),".") -> . | M122: =IFERROR(VLOOKUP($I122,$A$5:$A$200,1,FALSE),".") -> .
A123: 55MEC2408008 | I123: 55MEC2410037 | J123: MEC2410037||２F 内層回路 DFRラミネーター 投入機（Vラック) Máy đưa bo Vrack Line DFR tạo mạch trong 2F | K123: =SUMIFS(INDIRECT(""&$E$3&"!"&"$C$6"):INDIRECT(""&$E$3&"!"&"$C$2000"),INDIRECT(""&$E$3&"!"&"$B$6"):INDIRECT(""&$E$3&"!"&"$B$2000"),$I123) -> #REF! | L123: =IFERROR(VLOOKUP($I123,$D$5:$D$100,1,FALSE),".") -> . | M123: =IFERROR(VLOOKUP($I123,$A$5:$A$200,1,FALSE),".") -> .
A124: 55MEC2408014 | I124: 55MEC2410043 | J124: MEC2410043||２F 内層回路 DFRラミネーター 反転可能整列コンベヤー Băng tải nâng bo có chức năng lật Line DFR tạo mạch trong 2F | K124: =SUMIFS(INDIRECT(""&$E$3&"!"&"$C$6"):INDIRECT(""&$E$3&"!"&"$C$2000"),INDIRECT(""&$E$3&"!"&"$B$6"):INDIRECT(""&$E$3&"!"&"$B$2000"),$I124) -> #REF! | L124: =IFERROR(VLOOKUP($I124,$D$5:$D$100,1,FALSE),".") -> . | M124: =IFERROR(VLOOKUP($I124,$A$5:$A$200,1,FALSE),".") -> .
A125: 55MEC2408015 | I125: 55MEC2410050 | J125: MEC2410050||２F 内層回路 DES#1 受取機（Vラック) Máy nhận bo Vrack Line DES #1 tạo mạch trong 2F | K125: =SUMIFS(INDIRECT(""&$E$3&"!"&"$C$6"):INDIRECT(""&$E$3&"!"&"$C$2000"),INDIRECT(""&$E$3&"!"&"$B$6"):INDIRECT(""&$E$3&"!"&"$B$2000"),$I125) -> #REF! | L125: =IFERROR(VLOOKUP($I125,$D$5:$D$100,1,FALSE),".") -> . | M125: =IFERROR(VLOOKUP($I125,$A$5:$A$200,1,FALSE),".") -> .
A126: 55MEC2408018 | I126: 55MEC2410051 | J126: MEC2410051||２F 内層回路 LPR#1 投入機（Vラック) Máy đưa bo Vrack Line LPR #1 tạo mạch trong 2F | K126: =SUMIFS(INDIRECT(""&$E$3&"!"&"$C$6"):INDIRECT(""&$E$3&"!"&"$C$2000"),INDIRECT(""&$E$3&"!"&"$B$6"):INDIRECT(""&$E$3&"!"&"$B$2000"),$I126) -> #REF! | L126: =IFERROR(VLOOKUP($I126,$D$5:$D$100,1,FALSE),".") -> . | M126: =IFERROR(VLOOKUP($I126,$A$5:$A$200,1,FALSE),".") -> .
... A145: 55MEC2409003 | I145: 55MEC2501001 | J145: MEC2501001||AGF Canon Thăng Long (Số 2) | K145: =SUMIFS(INDIRECT(""&$E$3&"!"&"$C$6"):INDIRECT(""&$E$3&"!"&"$C$2000"),INDIRECT(""&$E$3&"!"&"$B$6"):INDIRECT(""&$E$3&"!"&"$B$2000"),$I145) -> #REF! | L145: =IFERROR(VLOOKUP($I145,$D$5:$D$100,1,FALSE),".") -> . | M145: =IFERROR(VLOOKUP($I145,$A$5:$A$200,1,FALSE),".") -> .
A146: 55MEC2409007 | K146: =SUMIFS(INDIRECT(""&$E$3&"!"&"$C$6"):INDIRECT(""&$E$3&"!"&"$C$2000"),INDIRECT(""&$E$3&"!"&"$B$6"):INDIRECT(""&$E$3&"!"&"$B$2000"),$I146) -> #REF! | L146: =IFERROR(VLOOKUP($I146,$D$5:$D$100,1,FALSE),".") -> . | M146: =IFERROR(VLOOKUP($I146,$A$5:$A$200,1,FALSE),".") -> .
A147: 55MEC2409087 | K147: =SUMIFS(INDIRECT(""&$E$3&"!"&"$C$6"):INDIRECT(""&$E$3&"!"&"$C$2000"),INDIRECT(""&$E$3&"!"&"$B$6"):INDIRECT(""&$E$3&"!"&"$B$2000"),$I147) -> #REF! | L147: =IFERROR(VLOOKUP($I147,$D$5:$D$100,1,FALSE),".") -> . | M147: =IFERROR(VLOOKUP($I147,$A$5:$A$200,1,FALSE),".") -> .
A148: 55MEC2409092 | K148: =SUMIFS(INDIRECT(""&$E$3&"!"&"$C$6"):INDIRECT(""&$E$3&"!"&"$C$2000"),INDIRECT(""&$E$3&"!"&"$B$6"):INDIRECT(""&$E$3&"!"&"$B$2000"),$I148) -> #REF! | L148: =IFERROR(VLOOKUP($I148,$D$5:$D$100,1,FALSE),".") -> . | M148: =IFERROR(VLOOKUP($I148,$A$5:$A$200,1,FALSE),".") -> .
A149: 55MEC2409102 | K149: =SUMIFS(INDIRECT(""&$E$3&"!"&"$C$6"):INDIRECT(""&$E$3&"!"&"$C$2000"),INDIRECT(""&$E$3&"!"&"$B$6"):INDIRECT(""&$E$3&"!"&"$B$2000"),$I149) -> #REF! | L149: =IFERROR(VLOOKUP($I149,$D$5:$D$100,1,FALSE),".") -> . | M149: =IFERROR(VLOOKUP($I149,$A$5:$A$200,1,FALSE),".") -> .
A150: 55MEC2409103 | K150: =SUMIFS(INDIRECT(""&$E$3&"!"&"$C$6"):INDIRECT(""&$E$3&"!"&"$C$2000"),INDIRECT(""&$E$3&"!"&"$B$6"):INDIRECT(""&$E$3&"!"&"$B$2000"),$I150) -> #REF! | L150: =IFERROR(VLOOKUP($I150,$D$5:$D$100,1,FALSE),".") -> . | M150: =IFERROR(VLOOKUP($I150,$A$5:$A$200,1,FALSE),".") -> .
A151: 55MEC2403051 | K151: =SUMIFS(INDIRECT(""&$E$3&"!"&"$C$6"):INDIRECT(""&$E$3&"!"&"$C$2000"),INDIRECT(""&$E$3&"!"&"$B$6"):INDIRECT(""&$E$3&"!"&"$B$2000"),$I151) -> #REF! | L151: =IFERROR(VLOOKUP($I151,$D$5:$D$100,1,FALSE),".") -> . | M151: =IFERROR(VLOOKUP($I151,$A$5:$A$200,1,FALSE),".") -> .
A152: 55MEC2403052 | K152: =SUMIFS(INDIRECT(""&$E$3&"!"&"$C$6"):INDIRECT(""&$E$3&"!"&"$C$2000"),INDIRECT(""&$E$3&"!"&"$B$6"):INDIRECT(""&$E$3&"!"&"$B$2000"),$I152) -> #REF! | L152: =IFERROR(VLOOKUP($I152,$D$5:$D$100,1,FALSE),".") -> . | M152: =IFERROR(VLOOKUP($I152,$A$5:$A$200,1,FALSE),".") -> .
A153: 55MEC2403053 | K153: =SUMIFS(INDIRECT(""&$E$3&"!"&"$C$6"):INDIRECT(""&$E$3&"!"&"$C$2000"),INDIRECT(""&$E$3&"!"&"$B$6"):INDIRECT(""&$E$3&"!"&"$B$2000"),$I153) -> #REF! | L153: =IFERROR(VLOOKUP($I153,$D$5:$D$100,1,FALSE),".") -> . | M153: =IFERROR(VLOOKUP($I153,$A$5:$A$200,1,FALSE),".") -> .
A154: 55MEC2403054 | K154: =SUMIFS(INDIRECT(""&$E$3&"!"&"$C$6"):INDIRECT(""&$E$3&"!"&"$C$2000"),INDIRECT(""&$E$3&"!"&"$B$6"):INDIRECT(""&$E$3&"!"&"$B$2000"),$I154) -> #REF! | L154: =IFERROR(VLOOKUP($I154,$D$5:$D$100,1,FALSE),".") -> . | M154: =IFERROR(VLOOKUP($I154,$A$5:$A$200,1,FALSE),".") -> .
A155: 55MEC2403055 | K155: =SUMIFS(INDIRECT(""&$E$3&"!"&"$C$6"):INDIRECT(""&$E$3&"!"&"$C$2000"),INDIRECT(""&$E$3&"!"&"$B$6"):INDIRECT(""&$E$3&"!"&"$B$2000"),$I155) -> #REF! | L155: =IFERROR(VLOOKUP($I155,$D$5:$D$100,1,FALSE),".") -> . | M155: =IFERROR(VLOOKUP($I155,$A$5:$A$200,1,FALSE),".") -> .
A156: 55MEC2403056 | K156: =SUMIFS(INDIRECT(""&$E$3&"!"&"$C$6"):INDIRECT(""&$E$3&"!"&"$C$2000"),INDIRECT(""&$E$3&"!"&"$B$6"):INDIRECT(""&$E$3&"!"&"$B$2000"),$I156) -> #REF! | L156: =IFERROR(VLOOKUP($I156,$D$5:$D$100,1,FALSE),".") -> . | M156: =IFERROR(VLOOKUP($I156,$A$5:$A$200,1,FALSE),".") -> .
A157: 55MEC2403057 | K157: =SUMIFS(INDIRECT(""&$E$3&"!"&"$C$6"):INDIRECT(""&$E$3&"!"&"$C$2000"),INDIRECT(""&$E$3&"!"&"$B$6"):INDIRECT(""&$E$3&"!"&"$B$2000"),$I157) -> #REF! | L157: =IFERROR(VLOOKUP($I157,$D$5:$D$100,1,FALSE),".") -> . | M157: =IFERROR(VLOOKUP($I157,$A$5:$A$200,1,FALSE),".") -> .
... A190: 55MEC2401002 | K190: =SUMIFS(INDIRECT(""&$E$3&"!"&"$C$6"):INDIRECT(""&$E$3&"!"&"$C$2000"),INDIRECT(""&$E$3&"!"&"$B$6"):INDIRECT(""&$E$3&"!"&"$B$2000"),$I190) -> #REF! | L190: =IFERROR(VLOOKUP($I190,$D$5:$D$100,1,FALSE),".") -> . | M190: =IFERROR(VLOOKUP($I190,$A$5:$A$200,1,FALSE),".") -> .
A191: 55MEC2403061
A192: 55MEC2403064
A193: 55MEC2403065
A194: 55MEC2403067
A195: 55MEC2403068
A196: 55MEC2403070
A197: 55MEC2403072
A198: 55MEC2403075
A199: 55MEC2403077
A200: 55MEC2407013
A201: 55MEC2407014
A202: 55MEC2407026
... A222: 55MEC2412001

Sheet FORM TẠM
C1: 7
C2: 2026
G3: =DATE(C2,C1,1) -> 46204 | H3: =G3 + 1 -> 46205 | I3: =H3 + 1 -> 46206 | J3: =I3 + 1 -> 46207 | K3: =J3 + 1 -> 46208 | L3: =K3 + 1 -> 46209 | M3: =L3 + 1 -> 46210 | N3: =M3 + 1 -> 46211 | O3: =N3 + 1 -> 46212 | ... AK3: =AJ3 + 1 -> 46234 | AM3: {=_xludf.UNIQUE(D4:D1000)} -> #NAME? | AN3: AGV
B4: =IFERROR(__xludf.DUMMYFUNCTION("QUERY( TS_Jul!A:AJ, ""select * where D = 'Check MDA'"", 0 )"),1) -> 1 | C4: =IFERROR(__xludf.DUMMYFUNCTION("""COMPUTED_VALUE"""),"Nguyễn Minh Tiến") -> Nguyễn Minh Tiến | D4: =IFERROR(__xludf.DUMMYFUNCTION("""COMPUTED_VALUE"""),"AGV") -> AGV | E4: =IFERROR(__xludf.DUMMYFUNCTION("""COMPUTED_VALUE"""),"Check MDA") -> Check MDA | AM4: #NAME? | AN4: AUTO
B5: =IFERROR(__xludf.DUMMYFUNCTION("""COMPUTED_VALUE"""),2) -> 2 | C5: =IFERROR(__xludf.DUMMYFUNCTION("""COMPUTED_VALUE"""),"Nghiêm Xuân Thành") -> Nghiêm Xuân Thành | D5: =IFERROR(__xludf.DUMMYFUNCTION("""COMPUTED_VALUE"""),"AUTO_TK cơ") -> AUTO_TK cơ | E5: =IFERROR(__xludf.DUMMYFUNCTION("""COMPUTED_VALUE"""),"Check MDA") -> Check MDA | AM5: #NAME? | AN5: AUTO
B6: =IFERROR(__xludf.DUMMYFUNCTION("""COMPUTED_VALUE"""),3) -> 3 | C6: =IFERROR(__xludf.DUMMYFUNCTION("""COMPUTED_VALUE"""),"Trần Đức Hải") -> Trần Đức Hải | D6: =IFERROR(__xludf.DUMMYFUNCTION("""COMPUTED_VALUE"""),"AGV") -> AGV | E6: =IFERROR(__xludf.DUMMYFUNCTION("""COMPUTED_VALUE"""),"Check MDA") -> Check MDA | AM6: #NAME? | AN6: IOT
B7: =IFERROR(__xludf.DUMMYFUNCTION("""COMPUTED_VALUE"""),4) -> 4 | C7: =IFERROR(__xludf.DUMMYFUNCTION("""COMPUTED_VALUE"""),"Ngô Đức Thành") -> Ngô Đức Thành | D7: =IFERROR(__xludf.DUMMYFUNCTION("""COMPUTED_VALUE"""),"AUTO_TK cơ") -> AUTO_TK cơ | E7: =IFERROR(__xludf.DUMMYFUNCTION("""COMPUTED_VALUE"""),"Check MDA") -> Check MDA | AM7: #NAME? | AN7: AUTO
B8: =IFERROR(__xludf.DUMMYFUNCTION("""COMPUTED_VALUE"""),5) -> 5 | C8: =IFERROR(__xludf.DUMMYFUNCTION("""COMPUTED_VALUE"""),"Trần Việt Lâm") -> Trần Việt Lâm | D8: =IFERROR(__xludf.DUMMYFUNCTION("""COMPUTED_VALUE"""),"AUTO_TK điện") -> AUTO_TK điện | E8: =IFERROR(__xludf.DUMMYFUNCTION("""COMPUTED_VALUE"""),"Check MDA") -> Check MDA | AM8: #NAME? | AN8: ICT
B9: =IFERROR(__xludf.DUMMYFUNCTION("""COMPUTED_VALUE"""),6) -> 6 | C9: =IFERROR(__xludf.DUMMYFUNCTION("""COMPUTED_VALUE"""),"Nguyễn Trí Việt Anh") -> Nguyễn Trí Việt Anh | D9: =IFERROR(__xludf.DUMMYFUNCTION("""COMPUTED_VALUE"""),"AUTO_TK điện") -> AUTO_TK điện | E9: =IFERROR(__xludf.DUMMYFUNCTION("""COMPUTED_VALUE"""),"Check MDA") -> Check MDA | AM9: #NAME? | AN9: R&D
B10: =IFERROR(__xludf.DUMMYFUNCTION("""COMPUTED_VALUE"""),7) -> 7 | C10: =IFERROR(__xludf.DUMMYFUNCTION("""COMPUTED_VALUE"""),"Vũ Minh Đức") -> Vũ Minh Đức | D10: =IFERROR(__xludf.DUMMYFUNCTION("""COMPUTED_VALUE"""),"IOT") -> IOT | E10: =IFERROR(__xludf.DUMMYFUNCTION("""COMPUTED_VALUE"""),"Check MDA") -> Check MDA | AM10: #NAME? | AN10: AUTO
B11: =IFERROR(__xludf.DUMMYFUNCTION("""COMPUTED_VALUE"""),8) -> 8 | C11: =IFERROR(__xludf.DUMMYFUNCTION("""COMPUTED_VALUE"""),"Trần Minh Tùng") -> Trần Minh Tùng | D11: =IFERROR(__xludf.DUMMYFUNCTION("""COMPUTED_VALUE"""),"AGV") -> AGV | E11: =IFERROR(__xludf.DUMMYFUNCTION("""COMPUTED_VALUE"""),"Check MDA") -> Check MDA | AM11: #NAME? | AN11: AGV
B12: =IFERROR(__xludf.DUMMYFUNCTION("""COMPUTED_VALUE"""),9) -> 9 | C12: =IFERROR(__xludf.DUMMYFUNCTION("""COMPUTED_VALUE"""),"Phí Văn Tuấn") -> Phí Văn Tuấn | D12: =IFERROR(__xludf.DUMMYFUNCTION("""COMPUTED_VALUE"""),"AUTO_LR") -> AUTO_LR | E12: =IFERROR(__xludf.DUMMYFUNCTION("""COMPUTED_VALUE"""),"Check MDA") -> Check MDA | AM12: #NAME? | AN12: Trung Hưng
B13: =IFERROR(__xludf.DUMMYFUNCTION("""COMPUTED_VALUE"""),10) -> 10 | C13: =IFERROR(__xludf.DUMMYFUNCTION("""COMPUTED_VALUE"""),"Nguyễn Văn Việt Anh") -> Nguyễn Văn Việt Anh | D13: =IFERROR(__xludf.DUMMYFUNCTION("""COMPUTED_VALUE"""),"AGV") -> AGV | E13: =IFERROR(__xludf.DUMMYFUNCTION("""COMPUTED_VALUE"""),"Check MDA") -> Check MDA | AM13: #NAME? | AN13: Trung Hưng
B14: =IFERROR(__xludf.DUMMYFUNCTION("""COMPUTED_VALUE"""),11) -> 11 | C14: =IFERROR(__xludf.DUMMYFUNCTION("""COMPUTED_VALUE"""),"Trần Duy Anh") -> Trần Duy Anh | D14: =IFERROR(__xludf.DUMMYFUNCTION("""COMPUTED_VALUE"""),"ICT") -> ICT | E14: =IFERROR(__xludf.DUMMYFUNCTION("""COMPUTED_VALUE"""),"Check MDA") -> Check MDA | AM14: #NAME?
B15: =IFERROR(__xludf.DUMMYFUNCTION("""COMPUTED_VALUE"""),12) -> 12 | C15: =IFERROR(__xludf.DUMMYFUNCTION("""COMPUTED_VALUE"""),"Trần Đức Nam") -> Trần Đức Nam | D15: =IFERROR(__xludf.DUMMYFUNCTION("""COMPUTED_VALUE"""),"ICT") -> ICT | E15: =IFERROR(__xludf.DUMMYFUNCTION("""COMPUTED_VALUE"""),"Check MDA") -> Check MDA | AM15: #NAME?
B16: =IFERROR(__xludf.DUMMYFUNCTION("""COMPUTED_VALUE"""),13) -> 13 | C16: =IFERROR(__xludf.DUMMYFUNCTION("""COMPUTED_VALUE"""),"Hoàng Anh Minh") -> Hoàng Anh Minh | D16: =IFERROR(__xludf.DUMMYFUNCTION("""COMPUTED_VALUE"""),"AGV") -> AGV | E16: =IFERROR(__xludf.DUMMYFUNCTION("""COMPUTED_VALUE"""),"Check MDA") -> Check MDA | AM16: #NAME?
B17: =IFERROR(__xludf.DUMMYFUNCTION("""COMPUTED_VALUE"""),14) -> 14 | C17: =IFERROR(__xludf.DUMMYFUNCTION("""COMPUTED_VALUE"""),"Nguyễn Tiến Đạt") -> Nguyễn Tiến Đạt | D17: =IFERROR(__xludf.DUMMYFUNCTION("""COMPUTED_VALUE"""),"ICT") -> ICT | E17: =IFERROR(__xludf.DUMMYFUNCTION("""COMPUTED_VALUE"""),"Check MDA") -> Check MDA | AM17: #NAME?
B18: =IFERROR(__xludf.DUMMYFUNCTION("""COMPUTED_VALUE"""),15) -> 15 | C18: =IFERROR(__xludf.DUMMYFUNCTION("""COMPUTED_VALUE"""),"Hoàng Trọng Phi") -> Hoàng Trọng Phi | D18: =IFERROR(__xludf.DUMMYFUNCTION("""COMPUTED_VALUE"""),"AUTO_TK cơ") -> AUTO_TK cơ | E18: =IFERROR(__xludf.DUMMYFUNCTION("""COMPUTED_VALUE"""),"Check MDA") -> Check MDA | AM18: #NAME?
B19: =IFERROR(__xludf.DUMMYFUNCTION("""COMPUTED_VALUE"""),16) -> 16 | C19: =IFERROR(__xludf.DUMMYFUNCTION("""COMPUTED_VALUE"""),"Nguyễn Xuân Minh") -> Nguyễn Xuân Minh | D19: =IFERROR(__xludf.DUMMYFUNCTION("""COMPUTED_VALUE"""),"ICT") -> ICT | E19: =IFERROR(__xludf.DUMMYFUNCTION("""COMPUTED_VALUE"""),"Check MDA") -> Check MDA
B20: =IFERROR(__xludf.DUMMYFUNCTION("""COMPUTED_VALUE"""),17) -> 17 | C20: =IFERROR(__xludf.DUMMYFUNCTION("""COMPUTED_VALUE"""),"Vương Trung Kiên") -> Vương Trung Kiên | D20: =IFERROR(__xludf.DUMMYFUNCTION("""COMPUTED_VALUE"""),"AGV") -> AGV | E20: =IFERROR(__xludf.DUMMYFUNCTION("""COMPUTED_VALUE"""),"Check MDA") -> Check MDA
B21: =IFERROR(__xludf.DUMMYFUNCTION("""COMPUTED_VALUE"""),18) -> 18 | C21: =IFERROR(__xludf.DUMMYFUNCTION("""COMPUTED_VALUE"""),"Hồ Đức Trung") -> Hồ Đức Trung | D21: =IFERROR(__xludf.DUMMYFUNCTION("""COMPUTED_VALUE"""),"ICT") -> ICT | E21: =IFERROR(__xludf.DUMMYFUNCTION("""COMPUTED_VALUE"""),"Check MDA") -> Check MDA
B22: =IFERROR(__xludf.DUMMYFUNCTION("""COMPUTED_VALUE"""),19) -> 19 | C22: =IFERROR(__xludf.DUMMYFUNCTION("""COMPUTED_VALUE"""),"Đinh Công Hoàng") -> Đinh Công Hoàng | D22: =IFERROR(__xludf.DUMMYFUNCTION("""COMPUTED_VALUE"""),"AGV") -> AGV | E22: =IFERROR(__xludf.DUMMYFUNCTION("""COMPUTED_VALUE"""),"Check MDA") -> Check MDA
B23: =IFERROR(__xludf.DUMMYFUNCTION("""COMPUTED_VALUE"""),20) -> 20 | C23: =IFERROR(__xludf.DUMMYFUNCTION("""COMPUTED_VALUE"""),"Bùi Khánh Huy") -> Bùi Khánh Huy | D23: =IFERROR(__xludf.DUMMYFUNCTION("""COMPUTED_VALUE"""),"AUTO_TK cơ") -> AUTO_TK cơ | E23: =IFERROR(__xludf.DUMMYFUNCTION("""COMPUTED_VALUE"""),"Check MDA") -> Check MDA
B24: =IFERROR(__xludf.DUMMYFUNCTION("""COMPUTED_VALUE"""),21) -> 21 | C24: =IFERROR(__xludf.DUMMYFUNCTION("""COMPUTED_VALUE"""),"Nguyễn Văn Quỳnh") -> Nguyễn Văn Quỳnh | D24: =IFERROR(__xludf.DUMMYFUNCTION("""COMPUTED_VALUE"""),"ICT") -> ICT | E24: =IFERROR(__xludf.DUMMYFUNCTION("""COMPUTED_VALUE"""),"Check MDA") -> Check MDA
B25: =IFERROR(__xludf.DUMMYFUNCTION("""COMPUTED_VALUE"""),22) -> 22 | C25: =IFERROR(__xludf.DUMMYFUNCTION("""COMPUTED_VALUE"""),"Lý Ngọc Hiếu") -> Lý Ngọc Hiếu | D25: =IFERROR(__xludf.DUMMYFUNCTION("""COMPUTED_VALUE"""),"AUTO_LR") -> AUTO_LR | E25: =IFERROR(__xludf.DUMMYFUNCTION("""COMPUTED_VALUE"""),"Check MDA") -> Check MDA
B26: =IFERROR(__xludf.DUMMYFUNCTION("""COMPUTED_VALUE"""),23) -> 23 | C26: =IFERROR(__xludf.DUMMYFUNCTION("""COMPUTED_VALUE"""),"Phí Văn Nam") -> Phí Văn Nam | D26: =IFERROR(__xludf.DUMMYFUNCTION("""COMPUTED_VALUE"""),"AUTO_LR") -> AUTO_LR | E26: =IFERROR(__xludf.DUMMYFUNCTION("""COMPUTED_VALUE"""),"Check MDA") -> Check MDA
B27: =IFERROR(__xludf.DUMMYFUNCTION("""COMPUTED_VALUE"""),24) -> 24 | C27: =IFERROR(__xludf.DUMMYFUNCTION("""COMPUTED_VALUE"""),"Lương Văn Trường") -> Lương Văn Trường | D27: =IFERROR(__xludf.DUMMYFUNCTION("""COMPUTED_VALUE"""),"AUTO_TK cơ") -> AUTO_TK cơ | E27: =IFERROR(__xludf.DUMMYFUNCTION("""COMPUTED_VALUE"""),"Check MDA") -> Check MDA
B28: =IFERROR(__xludf.DUMMYFUNCTION("""COMPUTED_VALUE"""),25) -> 25 | C28: =IFERROR(__xludf.DUMMYFUNCTION("""COMPUTED_VALUE"""),"Lê Quang Huy") -> Lê Quang Huy | D28: =IFERROR(__xludf.DUMMYFUNCTION("""COMPUTED_VALUE"""),"ICT") -> ICT | E28: =IFERROR(__xludf.DUMMYFUNCTION("""COMPUTED_VALUE"""),"Check MDA") -> Check MDA
B29: =IFERROR(__xludf.DUMMYFUNCTION("""COMPUTED_VALUE"""),26) -> 26 | C29: =IFERROR(__xludf.DUMMYFUNCTION("""COMPUTED_VALUE"""),"Nguyến Thái Thường") -> Nguyến Thái Thường | D29: =IFERROR(__xludf.DUMMYFUNCTION("""COMPUTED_VALUE"""),"AUTO_TK điện") -> AUTO_TK điện | E29: =IFERROR(__xludf.DUMMYFUNCTION("""COMPUTED_VALUE"""),"Check MDA") -> Check MDA
B30: =IFERROR(__xludf.DUMMYFUNCTION("""COMPUTED_VALUE"""),27) -> 27 | C30: =IFERROR(__xludf.DUMMYFUNCTION("""COMPUTED_VALUE"""),"Nguyễn Tuấn Anh") -> Nguyễn Tuấn Anh | D30: =IFERROR(__xludf.DUMMYFUNCTION("""COMPUTED_VALUE"""),"AGV") -> AGV | E30: =IFERROR(__xludf.DUMMYFUNCTION("""COMPUTED_VALUE"""),"Check MDA") -> Check MDA
B31: =IFERROR(__xludf.DUMMYFUNCTION("""COMPUTED_VALUE"""),28) -> 28 | C31: =IFERROR(__xludf.DUMMYFUNCTION("""COMPUTED_VALUE"""),"Nguyễn Đồng Tuân") -> Nguyễn Đồng Tuân | D31: =IFERROR(__xludf.DUMMYFUNCTION("""COMPUTED_VALUE"""),"AUTO_LR") -> AUTO_LR | E31: =IFERROR(__xludf.DUMMYFUNCTION("""COMPUTED_VALUE"""),"Check MDA") -> Check MDA
B32: =IFERROR(__xludf.DUMMYFUNCTION("""COMPUTED_VALUE"""),29) -> 29 | C32: =IFERROR(__xludf.DUMMYFUNCTION("""COMPUTED_VALUE"""),"Nguyễn Thế Thắng") -> Nguyễn Thế Thắng | D32: =IFERROR(__xludf.DUMMYFUNCTION("""COMPUTED_VALUE"""),"AUTO_LR") -> AUTO_LR | E32: =IFERROR(__xludf.DUMMYFUNCTION("""COMPUTED_VALUE"""),"Check MDA") -> Check MDA
B33: =IFERROR(__xludf.DUMMYFUNCTION("""COMPUTED_VALUE"""),30) -> 30 | C33: =IFERROR(__xludf.DUMMYFUNCTION("""COMPUTED_VALUE"""),"Hoàng Văn Tuấn") -> Hoàng Văn Tuấn | D33: =IFERROR(__xludf.DUMMYFUNCTION("""COMPUTED_VALUE"""),"AUTO_TK điện") -> AUTO_TK điện | E33: =IFERROR(__xludf.DUMMYFUNCTION("""COMPUTED_VALUE"""),"Check MDA") -> Check MDA
B34: =IFERROR(__xludf.DUMMYFUNCTION("""COMPUTED_VALUE"""),31) -> 31 | C34: =IFERROR(__xludf.DUMMYFUNCTION("""COMPUTED_VALUE"""),"Đỗ Thanh Quang") -> Đỗ Thanh Quang | D34: =IFERROR(__xludf.DUMMYFUNCTION("""COMPUTED_VALUE"""),"AUTO_TK điện") -> AUTO_TK điện | E34: =IFERROR(__xludf.DUMMYFUNCTION("""COMPUTED_VALUE"""),"Check MDA") -> Check MDA
B35: =IFERROR(__xludf.DUMMYFUNCTION("""COMPUTED_VALUE"""),32) -> 32 | C35: =IFERROR(__xludf.DUMMYFUNCTION("""COMPUTED_VALUE"""),"Tạ Minh Lộc") -> Tạ Minh Lộc | D35: =IFERROR(__xludf.DUMMYFUNCTION("""COMPUTED_VALUE"""),"AUTO_LR") -> AUTO_LR | E35: =IFERROR(__xludf.DUMMYFUNCTION("""COMPUTED_VALUE"""),"Check MDA") -> Check MDA
B36: =IFERROR(__xludf.DUMMYFUNCTION("""COMPUTED_VALUE"""),33) -> 33 | C36: =IFERROR(__xludf.DUMMYFUNCTION("""COMPUTED_VALUE"""),"Võ Văn Giang") -> Võ Văn Giang | D36: =IFERROR(__xludf.DUMMYFUNCTION("""COMPUTED_VALUE"""),"AUTO_TK cơ") -> AUTO_TK cơ | E36: =IFERROR(__xludf.DUMMYFUNCTION("""COMPUTED_VALUE"""),"Check MDA") -> Check MDA
B37: =IFERROR(__xludf.DUMMYFUNCTION("""COMPUTED_VALUE"""),34) -> 34 | C37: =IFERROR(__xludf.DUMMYFUNCTION("""COMPUTED_VALUE"""),"Phạm Đình Chiến") -> Phạm Đình Chiến | D37: =IFERROR(__xludf.DUMMYFUNCTION("""COMPUTED_VALUE"""),"AUTO_TK điện") -> AUTO_TK điện | E37: =IFERROR(__xludf.DUMMYFUNCTION("""COMPUTED_VALUE"""),"Check MDA") -> Check MDA
B38: =IFERROR(__xludf.DUMMYFUNCTION("""COMPUTED_VALUE"""),35) -> 35 | C38: =IFERROR(__xludf.DUMMYFUNCTION("""COMPUTED_VALUE"""),"Nguyễn Đắc Phú") -> Nguyễn Đắc Phú | D38: =IFERROR(__xludf.DUMMYFUNCTION("""COMPUTED_VALUE"""),"AUTO_TK cơ") -> AUTO_TK cơ | E38: =IFERROR(__xludf.DUMMYFUNCTION("""COMPUTED_VALUE"""),"Check MDA") -> Check MDA
B39: =IFERROR(__xludf.DUMMYFUNCTION("""COMPUTED_VALUE"""),36) -> 36 | C39: =IFERROR(__xludf.DUMMYFUNCTION("""COMPUTED_VALUE"""),"Nguyễn Văn Hùng") -> Nguyễn Văn Hùng | D39: =IFERROR(__xludf.DUMMYFUNCTION("""COMPUTED_VALUE"""),"AUTO_LR") -> AUTO_LR | E39: =IFERROR(__xludf.DUMMYFUNCTION("""COMPUTED_VALUE"""),"Check MDA") -> Check MDA
B40: =IFERROR(__xludf.DUMMYFUNCTION("""COMPUTED_VALUE"""),37) -> 37 | C40: =IFERROR(__xludf.DUMMYFUNCTION("""COMPUTED_VALUE"""),"Trần Minh Tiến") -> Trần Minh Tiến | D40: =IFERROR(__xludf.DUMMYFUNCTION("""COMPUTED_VALUE"""),"AUTO_TK cơ") -> AUTO_TK cơ | E40: =IFERROR(__xludf.DUMMYFUNCTION("""COMPUTED_VALUE"""),"Check MDA") -> Check MDA
B41: =IFERROR(__xludf.DUMMYFUNCTION("""COMPUTED_VALUE"""),38) -> 38 | C41: =IFERROR(__xludf.DUMMYFUNCTION("""COMPUTED_VALUE"""),"Bùi Thế Cao") -> Bùi Thế Cao | D41: =IFERROR(__xludf.DUMMYFUNCTION("""COMPUTED_VALUE"""),"ADD") -> ADD | E41: =IFERROR(__xludf.DUMMYFUNCTION("""COMPUTED_VALUE"""),"Check MDA") -> Check MDA
B42: =IFERROR(__xludf.DUMMYFUNCTION("""COMPUTED_VALUE"""),39) -> 39 | C42: =IFERROR(__xludf.DUMMYFUNCTION("""COMPUTED_VALUE"""),"Vũ Xuân Sáng") -> Vũ Xuân Sáng | D42: =IFERROR(__xludf.DUMMYFUNCTION("""COMPUTED_VALUE"""),"AUTO_LR") -> AUTO_LR | E42: =IFERROR(__xludf.DUMMYFUNCTION("""COMPUTED_VALUE"""),"Check MDA") -> Check MDA
B43: =IFERROR(__xludf.DUMMYFUNCTION("""COMPUTED_VALUE"""),40) -> 40 | C43: =IFERROR(__xludf.DUMMYFUNCTION("""COMPUTED_VALUE"""),"Đinh Trọng Hoàng Duy") -> Đinh Trọng Hoàng Duy | D43: =IFERROR(__xludf.DUMMYFUNCTION("""COMPUTED_VALUE"""),"AGV") -> AGV | E43: =IFERROR(__xludf.DUMMYFUNCTION("""COMPUTED_VALUE"""),"Check MDA") -> Check MDA
B44: =IFERROR(__xludf.DUMMYFUNCTION("""COMPUTED_VALUE"""),41) -> 41 | C44: =IFERROR(__xludf.DUMMYFUNCTION("""COMPUTED_VALUE"""),"Dương Tuấn Tới") -> Dương Tuấn Tới | D44: =IFERROR(__xludf.DUMMYFUNCTION("""COMPUTED_VALUE"""),"IOT") -> IOT | E44: =IFERROR(__xludf.DUMMYFUNCTION("""COMPUTED_VALUE"""),"Check MDA") -> Check MDA
B45: =IFERROR(__xludf.DUMMYFUNCTION("""COMPUTED_VALUE"""),42) -> 42 | C45: =IFERROR(__xludf.DUMMYFUNCTION("""COMPUTED_VALUE"""),"Khổng Văn Nam") -> Khổng Văn Nam | D45: =IFERROR(__xludf.DUMMYFUNCTION("""COMPUTED_VALUE"""),"ADD") -> ADD | E45: =IFERROR(__xludf.DUMMYFUNCTION("""COMPUTED_VALUE"""),"Check MDA") -> Check MDA
B46: =IFERROR(__xludf.DUMMYFUNCTION("""COMPUTED_VALUE"""),43) -> 43 | C46: =IFERROR(__xludf.DUMMYFUNCTION("""COMPUTED_VALUE"""),"Nguyễn Thành Trung") -> Nguyễn Thành Trung | D46: =IFERROR(__xludf.DUMMYFUNCTION("""COMPUTED_VALUE"""),"ICT") -> ICT | E46: =IFERROR(__xludf.DUMMYFUNCTION("""COMPUTED_VALUE"""),"Check MDA") -> Check MDA
B47: =IFERROR(__xludf.DUMMYFUNCTION("""COMPUTED_VALUE"""),44) -> 44 | C47: =IFERROR(__xludf.DUMMYFUNCTION("""COMPUTED_VALUE"""),"Vũ Mạnh Cường") -> Vũ Mạnh Cường | D47: =IFERROR(__xludf.DUMMYFUNCTION("""COMPUTED_VALUE"""),"AGV") -> AGV | E47: =IFERROR(__xludf.DUMMYFUNCTION("""COMPUTED_VALUE"""),"Check MDA") -> Check MDA
B48: =IFERROR(__xludf.DUMMYFUNCTION("""COMPUTED_VALUE"""),45) -> 45 | C48: =IFERROR(__xludf.DUMMYFUNCTION("""COMPUTED_VALUE"""),"Nguyễn Hữu Khánh") -> Nguyễn Hữu Khánh | D48: =IFERROR(__xludf.DUMMYFUNCTION("""COMPUTED_VALUE"""),"AUTO_TK điện") -> AUTO_TK điện | E48: =IFERROR(__xludf.DUMMYFUNCTION("""COMPUTED_VALUE"""),"Check MDA") -> Check MDA
B49: =IFERROR(__xludf.DUMMYFUNCTION("""COMPUTED_VALUE"""),46) -> 46 | C49: =IFERROR(__xludf.DUMMYFUNCTION("""COMPUTED_VALUE"""),"Nguyễn Loan Phương") -> Nguyễn Loan Phương | D49: =IFERROR(__xludf.DUMMYFUNCTION("""COMPUTED_VALUE"""),"ICT") -> ICT | E49: =IFERROR(__xludf.DUMMYFUNCTION("""COMPUTED_VALUE"""),"Check MDA") -> Check MDA
B50: =IFERROR(__xludf.DUMMYFUNCTION("""COMPUTED_VALUE"""),47) -> 47 | C50: =IFERROR(__xludf.DUMMYFUNCTION("""COMPUTED_VALUE"""),"Lê Chung") -> Lê Chung | D50: =IFERROR(__xludf.DUMMYFUNCTION("""COMPUTED_VALUE"""),"AUTO_LR") -> AUTO_LR | E50: =IFERROR(__xludf.DUMMYFUNCTION("""COMPUTED_VALUE"""),"Check MDA") -> Check MDA
B51: =IFERROR(__xludf.DUMMYFUNCTION("""COMPUTED_VALUE"""),48) -> 48 | C51: =IFERROR(__xludf.DUMMYFUNCTION("""COMPUTED_VALUE"""),"Nguyễn Văn An") -> Nguyễn Văn An | D51: =IFERROR(__xludf.DUMMYFUNCTION("""COMPUTED_VALUE"""),"AUTO_LR") -> AUTO_LR | E51: =IFERROR(__xludf.DUMMYFUNCTION("""COMPUTED_VALUE"""),"Check MDA") -> Check MDA
B52: =IFERROR(__xludf.DUMMYFUNCTION("""COMPUTED_VALUE"""),49) -> 49 | C52: =IFERROR(__xludf.DUMMYFUNCTION("""COMPUTED_VALUE"""),"Nguyễn Bá Đăng") -> Nguyễn Bá Đăng | D52: =IFERROR(__xludf.DUMMYFUNCTION("""COMPUTED_VALUE"""),"AUTO_TK cơ") -> AUTO_TK cơ | E52: =IFERROR(__xludf.DUMMYFUNCTION("""COMPUTED_VALUE"""),"Check MDA") -> Check MDA
B53: =IFERROR(__xludf.DUMMYFUNCTION("""COMPUTED_VALUE"""),50) -> 50 | C53: =IFERROR(__xludf.DUMMYFUNCTION("""COMPUTED_VALUE"""),"Nguyễn Mạnh Quyết") -> Nguyễn Mạnh Quyết | D53: =IFERROR(__xludf.DUMMYFUNCTION("""COMPUTED_VALUE"""),"AUTO_TK điện") -> AUTO_TK điện | E53: =IFERROR(__xludf.DUMMYFUNCTION("""COMPUTED_VALUE"""),"Check MDA") -> Check MDA
B54: =IFERROR(__xludf.DUMMYFUNCTION("""COMPUTED_VALUE"""),51) -> 51 | C54: =IFERROR(__xludf.DUMMYFUNCTION("""COMPUTED_VALUE"""),"Cao Hữu Hiển") -> Cao Hữu Hiển | D54: =IFERROR(__xludf.DUMMYFUNCTION("""COMPUTED_VALUE"""),"ICT") -> ICT | E54: =IFERROR(__xludf.DUMMYFUNCTION("""COMPUTED_VALUE"""),"Check MDA") -> Check MDA
B55: =IFERROR(__xludf.DUMMYFUNCTION("""COMPUTED_VALUE"""),52) -> 52 | C55: =IFERROR(__xludf.DUMMYFUNCTION("""COMPUTED_VALUE"""),"Ngô Xuân Tuyền") -> Ngô Xuân Tuyền | D55: =IFERROR(__xludf.DUMMYFUNCTION("""COMPUTED_VALUE"""),"AUTO_TK điện") -> AUTO_TK điện | E55: =IFERROR(__xludf.DUMMYFUNCTION("""COMPUTED_VALUE"""),"Check MDA") -> Check MDA
B56: =IFERROR(__xludf.DUMMYFUNCTION("""COMPUTED_VALUE"""),53) -> 53 | C56: =IFERROR(__xludf.DUMMYFUNCTION("""COMPUTED_VALUE"""),"Nguyễn Quang Hưng") -> Nguyễn Quang Hưng | D56: =IFERROR(__xludf.DUMMYFUNCTION("""COMPUTED_VALUE"""),"ADD") -> ADD | E56: =IFERROR(__xludf.DUMMYFUNCTION("""COMPUTED_VALUE"""),"Check MDA") -> Check MDA
B57: =IFERROR(__xludf.DUMMYFUNCTION("""COMPUTED_VALUE"""),54) -> 54 | C57: =IFERROR(__xludf.DUMMYFUNCTION("""COMPUTED_VALUE"""),"Vũ Văn Huỳnh") -> Vũ Văn Huỳnh | D57: =IFERROR(__xludf.DUMMYFUNCTION("""COMPUTED_VALUE"""),"ADD") -> ADD | E57: =IFERROR(__xludf.DUMMYFUNCTION("""COMPUTED_VALUE"""),"Check MDA") -> Check MDA
B58: =IFERROR(__xludf.DUMMYFUNCTION("""COMPUTED_VALUE"""),55) -> 55 | C58: =IFERROR(__xludf.DUMMYFUNCTION("""COMPUTED_VALUE"""),"Đỗ Hoàng Sơn") -> Đỗ Hoàng Sơn | D58: =IFERROR(__xludf.DUMMYFUNCTION("""COMPUTED_VALUE"""),"IOT") -> IOT | E58: =IFERROR(__xludf.DUMMYFUNCTION("""COMPUTED_VALUE"""),"Check MDA") -> Check MDA
B59: =IFERROR(__xludf.DUMMYFUNCTION("""COMPUTED_VALUE"""),56) -> 56 | C59: =IFERROR(__xludf.DUMMYFUNCTION("""COMPUTED_VALUE"""),"Phí Thi Kim Chung") -> Phí Thi Kim Chung | D59: =IFERROR(__xludf.DUMMYFUNCTION("""COMPUTED_VALUE"""),"ICT") -> ICT | E59: =IFERROR(__xludf.DUMMYFUNCTION("""COMPUTED_VALUE"""),"Check MDA") -> Check MDA
B60: =IFERROR(__xludf.DUMMYFUNCTION("""COMPUTED_VALUE"""),57) -> 57 | C60: =IFERROR(__xludf.DUMMYFUNCTION("""COMPUTED_VALUE"""),"Kiều Ngọc Ánh") -> Kiều Ngọc Ánh | D60: =IFERROR(__xludf.DUMMYFUNCTION("""COMPUTED_VALUE"""),"AUTO_LR") -> AUTO_LR | E60: =IFERROR(__xludf.DUMMYFUNCTION("""COMPUTED_VALUE"""),"Check MDA") -> Check MDA
B61: =IFERROR(__xludf.DUMMYFUNCTION("""COMPUTED_VALUE"""),58) -> 58 | C61: =IFERROR(__xludf.DUMMYFUNCTION("""COMPUTED_VALUE"""),"Nguyễn Tiến ĐạtADD") -> Nguyễn Tiến ĐạtADD | D61: =IFERROR(__xludf.DUMMYFUNCTION("""COMPUTED_VALUE"""),"ADD") -> ADD | E61: =IFERROR(__xludf.DUMMYFUNCTION("""COMPUTED_VALUE"""),"Check MDA") -> Check MDA
B62: =IFERROR(__xludf.DUMMYFUNCTION("""COMPUTED_VALUE"""),59) -> 59 | C62: =IFERROR(__xludf.DUMMYFUNCTION("""COMPUTED_VALUE"""),"Vũ Hoàng Anh") -> Vũ Hoàng Anh | D62: =IFERROR(__xludf.DUMMYFUNCTION("""COMPUTED_VALUE"""),"ICT") -> ICT | E62: =IFERROR(__xludf.DUMMYFUNCTION("""COMPUTED_VALUE"""),"Check MDA") -> Check MDA
B63: =IFERROR(__xludf.DUMMYFUNCTION("""COMPUTED_VALUE"""),60) -> 60 | C63: =IFERROR(__xludf.DUMMYFUNCTION("""COMPUTED_VALUE"""),"Lương Thị Dung") -> Lương Thị Dung | D63: =IFERROR(__xludf.DUMMYFUNCTION("""COMPUTED_VALUE"""),"ICT") -> ICT | E63: =IFERROR(__xludf.DUMMYFUNCTION("""COMPUTED_VALUE"""),"Check MDA") -> Check MDA
B64: =IFERROR(__xludf.DUMMYFUNCTION("""COMPUTED_VALUE"""),61) -> 61 | C64: =IFERROR(__xludf.DUMMYFUNCTION("""COMPUTED_VALUE"""),"Đường Xuân Quang") -> Đường Xuân Quang | D64: =IFERROR(__xludf.DUMMYFUNCTION("""COMPUTED_VALUE"""),"ICT") -> ICT | E64: =IFERROR(__xludf.DUMMYFUNCTION("""COMPUTED_VALUE"""),"Check MDA") -> Check MDA
B65: =IFERROR(__xludf.DUMMYFUNCTION("""COMPUTED_VALUE"""),62) -> 62 | C65: =IFERROR(__xludf.DUMMYFUNCTION("""COMPUTED_VALUE"""),"Nguyễn Văn Hưng") -> Nguyễn Văn Hưng | D65: =IFERROR(__xludf.DUMMYFUNCTION("""COMPUTED_VALUE"""),"ICT") -> ICT | E65: =IFERROR(__xludf.DUMMYFUNCTION("""COMPUTED_VALUE"""),"Check MDA") -> Check MDA
B66: =IFERROR(__xludf.DUMMYFUNCTION("""COMPUTED_VALUE"""),63) -> 63 | C66: =IFERROR(__xludf.DUMMYFUNCTION("""COMPUTED_VALUE"""),"Vũ Trung Kiên") -> Vũ Trung Kiên | D66: =IFERROR(__xludf.DUMMYFUNCTION("""COMPUTED_VALUE"""),"AUTO_LR") -> AUTO_LR | E66: =IFERROR(__xludf.DUMMYFUNCTION("""COMPUTED_VALUE"""),"Check MDA") -> Check MDA
B67: =IFERROR(__xludf.DUMMYFUNCTION("""COMPUTED_VALUE"""),64) -> 64 | C67: =IFERROR(__xludf.DUMMYFUNCTION("""COMPUTED_VALUE"""),"Nguyễn Thanh Vân") -> Nguyễn Thanh Vân | D67: =IFERROR(__xludf.DUMMYFUNCTION("""COMPUTED_VALUE"""),"ADD") -> ADD | E67: =IFERROR(__xludf.DUMMYFUNCTION("""COMPUTED_VALUE"""),"Check MDA") -> Check MDA
B68: =IFERROR(__xludf.DUMMYFUNCTION("""COMPUTED_VALUE"""),65) -> 65 | C68: =IFERROR(__xludf.DUMMYFUNCTION("""COMPUTED_VALUE"""),"Ngô Đình Duy Anh") -> Ngô Đình Duy Anh | D68: =IFERROR(__xludf.DUMMYFUNCTION("""COMPUTED_VALUE"""),"AUTO_LR") -> AUTO_LR | E68: =IFERROR(__xludf.DUMMYFUNCTION("""COMPUTED_VALUE"""),"Check MDA") -> Check MDA
B69: =IFERROR(__xludf.DUMMYFUNCTION("""COMPUTED_VALUE"""),66) -> 66 | C69: =IFERROR(__xludf.DUMMYFUNCTION("""COMPUTED_VALUE"""),"Nguyễn Bá Tân") -> Nguyễn Bá Tân | D69: =IFERROR(__xludf.DUMMYFUNCTION("""COMPUTED_VALUE"""),"AUTO_LR") -> AUTO_LR | E69: =IFERROR(__xludf.DUMMYFUNCTION("""COMPUTED_VALUE"""),"Check MDA") -> Check MDA
B70: =IFERROR(__xludf.DUMMYFUNCTION("""COMPUTED_VALUE"""),67) -> 67 | C70: =IFERROR(__xludf.DUMMYFUNCTION("""COMPUTED_VALUE"""),"Bùi Trung Dũng") -> Bùi Trung Dũng | D70: =IFERROR(__xludf.DUMMYFUNCTION("""COMPUTED_VALUE"""),"AGV") -> AGV | E70: =IFERROR(__xludf.DUMMYFUNCTION("""COMPUTED_VALUE"""),"Check MDA") -> Check MDA
B71: =IFERROR(__xludf.DUMMYFUNCTION("""COMPUTED_VALUE"""),68) -> 68 | C71: =IFERROR(__xludf.DUMMYFUNCTION("""COMPUTED_VALUE"""),"Nguyễn Văn Mạnh") -> Nguyễn Văn Mạnh | D71: =IFERROR(__xludf.DUMMYFUNCTION("""COMPUTED_VALUE"""),"AUTO_LR") -> AUTO_LR | E71: =IFERROR(__xludf.DUMMYFUNCTION("""COMPUTED_VALUE"""),"Check MDA") -> Check MDA
B72: =IFERROR(__xludf.DUMMYFUNCTION("""COMPUTED_VALUE"""),69) -> 69 | C72: =IFERROR(__xludf.DUMMYFUNCTION("""COMPUTED_VALUE"""),"Đàm Quốc Khánh") -> Đàm Quốc Khánh | D72: =IFERROR(__xludf.DUMMYFUNCTION("""COMPUTED_VALUE"""),"AGV") -> AGV | E72: =IFERROR(__xludf.DUMMYFUNCTION("""COMPUTED_VALUE"""),"Check MDA") -> Check MDA
B73: =IFERROR(__xludf.DUMMYFUNCTION("""COMPUTED_VALUE"""),70) -> 70 | C73: =IFERROR(__xludf.DUMMYFUNCTION("""COMPUTED_VALUE"""),"Hà Văn Dũng") -> Hà Văn Dũng | D73: =IFERROR(__xludf.DUMMYFUNCTION("""COMPUTED_VALUE"""),"ADD") -> ADD | E73: =IFERROR(__xludf.DUMMYFUNCTION("""COMPUTED_VALUE"""),"Check MDA") -> Check MDA
B74: =IFERROR(__xludf.DUMMYFUNCTION("""COMPUTED_VALUE"""),71) -> 71 | C74: =IFERROR(__xludf.DUMMYFUNCTION("""COMPUTED_VALUE"""),"Vũ Đăng Khoa") -> Vũ Đăng Khoa | D74: =IFERROR(__xludf.DUMMYFUNCTION("""COMPUTED_VALUE"""),"AUTO_LR") -> AUTO_LR | E74: =IFERROR(__xludf.DUMMYFUNCTION("""COMPUTED_VALUE"""),"Check MDA") -> Check MDA
B75: =IFERROR(__xludf.DUMMYFUNCTION("""COMPUTED_VALUE"""),72) -> 72 | C75: =IFERROR(__xludf.DUMMYFUNCTION("""COMPUTED_VALUE"""),"Bùi Hữu Sỹ") -> Bùi Hữu Sỹ | D75: =IFERROR(__xludf.DUMMYFUNCTION("""COMPUTED_VALUE"""),"AUTO_LR") -> AUTO_LR | E75: =IFERROR(__xludf.DUMMYFUNCTION("""COMPUTED_VALUE"""),"Check MDA") -> Check MDA
B76: =IFERROR(__xludf.DUMMYFUNCTION("""COMPUTED_VALUE"""),73) -> 73 | C76: =IFERROR(__xludf.DUMMYFUNCTION("""COMPUTED_VALUE"""),"Phan Quốc Huy") -> Phan Quốc Huy | D76: =IFERROR(__xludf.DUMMYFUNCTION("""COMPUTED_VALUE"""),"IOT") -> IOT | E76: =IFERROR(__xludf.DUMMYFUNCTION("""COMPUTED_VALUE"""),"Check MDA") -> Check MDA
B77: =IFERROR(__xludf.DUMMYFUNCTION("""COMPUTED_VALUE"""),74) -> 74 | C77: =IFERROR(__xludf.DUMMYFUNCTION("""COMPUTED_VALUE"""),"Trần Việt Tiến") -> Trần Việt Tiến | D77: =IFERROR(__xludf.DUMMYFUNCTION("""COMPUTED_VALUE"""),"AGV") -> AGV | E77: =IFERROR(__xludf.DUMMYFUNCTION("""COMPUTED_VALUE"""),"Check MDA") -> Check MDA
B78: =IFERROR(__xludf.DUMMYFUNCTION("""COMPUTED_VALUE"""),75) -> 75 | C78: =IFERROR(__xludf.DUMMYFUNCTION("""COMPUTED_VALUE"""),"Hoàng Thị Hồng Minh") -> Hoàng Thị Hồng Minh | D78: =IFERROR(__xludf.DUMMYFUNCTION("""COMPUTED_VALUE"""),"AUTO_TK cơ") -> AUTO_TK cơ | E78: =IFERROR(__xludf.DUMMYFUNCTION("""COMPUTED_VALUE"""),"Check MDA") -> Check MDA
B79: =IFERROR(__xludf.DUMMYFUNCTION("""COMPUTED_VALUE"""),76) -> 76 | C79: =IFERROR(__xludf.DUMMYFUNCTION("""COMPUTED_VALUE"""),"Kiều Văn Đồng") -> Kiều Văn Đồng | D79: =IFERROR(__xludf.DUMMYFUNCTION("""COMPUTED_VALUE"""),"ICT") -> ICT | E79: =IFERROR(__xludf.DUMMYFUNCTION("""COMPUTED_VALUE"""),"Check MDA") -> Check MDA
B80: =IFERROR(__xludf.DUMMYFUNCTION("""COMPUTED_VALUE"""),77) -> 77 | C80: =IFERROR(__xludf.DUMMYFUNCTION("""COMPUTED_VALUE"""),"Nguyễn Văn Cường") -> Nguyễn Văn Cường | D80: =IFERROR(__xludf.DUMMYFUNCTION("""COMPUTED_VALUE"""),"AGV") -> AGV | E80: =IFERROR(__xludf.DUMMYFUNCTION("""COMPUTED_VALUE"""),"Check MDA") -> Check MDA
B81: =IFERROR(__xludf.DUMMYFUNCTION("""COMPUTED_VALUE"""),78) -> 78 | C81: =IFERROR(__xludf.DUMMYFUNCTION("""COMPUTED_VALUE"""),"Phạm Tiến Đạt") -> Phạm Tiến Đạt | D81: =IFERROR(__xludf.DUMMYFUNCTION("""COMPUTED_VALUE"""),"ADD") -> ADD | E81: =IFERROR(__xludf.DUMMYFUNCTION("""COMPUTED_VALUE"""),"Check MDA") -> Check MDA
B82: =IFERROR(__xludf.DUMMYFUNCTION("""COMPUTED_VALUE"""),79) -> 79 | C82: =IFERROR(__xludf.DUMMYFUNCTION("""COMPUTED_VALUE"""),"Nguyễn Văn Hậu") -> Nguyễn Văn Hậu | D82: =IFERROR(__xludf.DUMMYFUNCTION("""COMPUTED_VALUE"""),"ICT") -> ICT | E82: =IFERROR(__xludf.DUMMYFUNCTION("""COMPUTED_VALUE"""),"Check MDA") -> Check MDA
B83: =IFERROR(__xludf.DUMMYFUNCTION("""COMPUTED_VALUE"""),80) -> 80 | C83: =IFERROR(__xludf.DUMMYFUNCTION("""COMPUTED_VALUE"""),"Tô Minh Đức") -> Tô Minh Đức | D83: =IFERROR(__xludf.DUMMYFUNCTION("""COMPUTED_VALUE"""),"ICT") -> ICT | E83: =IFERROR(__xludf.DUMMYFUNCTION("""COMPUTED_VALUE"""),"Check MDA") -> Check MDA
B84: =IFERROR(__xludf.DUMMYFUNCTION("""COMPUTED_VALUE"""),81) -> 81 | C84: =IFERROR(__xludf.DUMMYFUNCTION("""COMPUTED_VALUE"""),"Nguyễn Phi Long") -> Nguyễn Phi Long | D84: =IFERROR(__xludf.DUMMYFUNCTION("""COMPUTED_VALUE"""),"ICT") -> ICT | E84: =IFERROR(__xludf.DUMMYFUNCTION("""COMPUTED_VALUE"""),"Check MDA") -> Check MDA
B85: =IFERROR(__xludf.DUMMYFUNCTION("""COMPUTED_VALUE"""),82) -> 82 | C85: =IFERROR(__xludf.DUMMYFUNCTION("""COMPUTED_VALUE"""),"Bạch Công Hào") -> Bạch Công Hào | D85: =IFERROR(__xludf.DUMMYFUNCTION("""COMPUTED_VALUE"""),"ICT") -> ICT | E85: =IFERROR(__xludf.DUMMYFUNCTION("""COMPUTED_VALUE"""),"Check MDA") -> Check MDA
B86: =IFERROR(__xludf.DUMMYFUNCTION("""COMPUTED_VALUE"""),83) -> 83 | C86: =IFERROR(__xludf.DUMMYFUNCTION("""COMPUTED_VALUE"""),"Đoàn Quang Huy") -> Đoàn Quang Huy | D86: =IFERROR(__xludf.DUMMYFUNCTION("""COMPUTED_VALUE"""),"ICT") -> ICT | E86: =IFERROR(__xludf.DUMMYFUNCTION("""COMPUTED_VALUE"""),"Check MDA") -> Check MDA
B87: =IFERROR(__xludf.DUMMYFUNCTION("""COMPUTED_VALUE"""),84) -> 84 | C87: =IFERROR(__xludf.DUMMYFUNCTION("""COMPUTED_VALUE"""),"Tạ Văn Ngọc") -> Tạ Văn Ngọc | D87: =IFERROR(__xludf.DUMMYFUNCTION("""COMPUTED_VALUE"""),"ICT") -> ICT | E87: =IFERROR(__xludf.DUMMYFUNCTION("""COMPUTED_VALUE"""),"Check MDA") -> Check MDA
B88: =IFERROR(__xludf.DUMMYFUNCTION("""COMPUTED_VALUE"""),85) -> 85 | E88: =IFERROR(__xludf.DUMMYFUNCTION("""COMPUTED_VALUE"""),"Check MDA") -> Check MDA
B89: =IFERROR(__xludf.DUMMYFUNCTION("""COMPUTED_VALUE"""),86) -> 86 | C89: =IFERROR(__xludf.DUMMYFUNCTION("""COMPUTED_VALUE"""),"Lê Văn Luyện") -> Lê Văn Luyện | D89: =IFERROR(__xludf.DUMMYFUNCTION("""COMPUTED_VALUE"""),"AUTO_TK cơ") -> AUTO_TK cơ | E89: =IFERROR(__xludf.DUMMYFUNCTION("""COMPUTED_VALUE"""),"Check MDA") -> Check MDA
B90: =IFERROR(__xludf.DUMMYFUNCTION("""COMPUTED_VALUE"""),87) -> 87 | E90: =IFERROR(__xludf.DUMMYFUNCTION("""COMPUTED_VALUE"""),"Check MDA") -> Check MDA
B91: =IFERROR(__xludf.DUMMYFUNCTION("""COMPUTED_VALUE"""),88) -> 88 | C91: =IFERROR(__xludf.DUMMYFUNCTION("""COMPUTED_VALUE"""),"Phạm Thị Phương Anh") -> Phạm Thị Phương Anh | D91: =IFERROR(__xludf.DUMMYFUNCTION("""COMPUTED_VALUE"""),"ICT") -> ICT | E91: =IFERROR(__xludf.DUMMYFUNCTION("""COMPUTED_VALUE"""),"Check MDA") -> Check MDA
B92: =IFERROR(__xludf.DUMMYFUNCTION("""COMPUTED_VALUE"""),89) -> 89 | C92: =IFERROR(__xludf.DUMMYFUNCTION("""COMPUTED_VALUE"""),"Nguyễn Thị Ngọc Huyền") -> Nguyễn Thị Ngọc Huyền | D92: =IFERROR(__xludf.DUMMYFUNCTION("""COMPUTED_VALUE"""),"ICT") -> ICT | E92: =IFERROR(__xludf.DUMMYFUNCTION("""COMPUTED_VALUE"""),"Check MDA") -> Check MDA
B93: =IFERROR(__xludf.DUMMYFUNCTION("""COMPUTED_VALUE"""),90) -> 90 | C93: =IFERROR(__xludf.DUMMYFUNCTION("""COMPUTED_VALUE"""),"Nguyễn Thành Luân") -> Nguyễn Thành Luân | D93: =IFERROR(__xludf.DUMMYFUNCTION("""COMPUTED_VALUE"""),"ICT") -> ICT | E93: =IFERROR(__xludf.DUMMYFUNCTION("""COMPUTED_VALUE"""),"Check MDA") -> Check MDA
B94: =IFERROR(__xludf.DUMMYFUNCTION("""COMPUTED_VALUE"""),91) -> 91 | E94: =IFERROR(__xludf.DUMMYFUNCTION("""COMPUTED_VALUE"""),"Check MDA") -> Check MDA
B95: =IFERROR(__xludf.DUMMYFUNCTION("""COMPUTED_VALUE"""),92) -> 92 | C95: =IFERROR(__xludf.DUMMYFUNCTION("""COMPUTED_VALUE"""),"Bùi Quang Vũ") -> Bùi Quang Vũ | D95: =IFERROR(__xludf.DUMMYFUNCTION("""COMPUTED_VALUE"""),"ICT") -> ICT | E95: =IFERROR(__xludf.DUMMYFUNCTION("""COMPUTED_VALUE"""),"Check MDA") -> Check MDA
B96: =IFERROR(__xludf.DUMMYFUNCTION("""COMPUTED_VALUE"""),93) -> 93 | C96: =IFERROR(__xludf.DUMMYFUNCTION("""COMPUTED_VALUE"""),"Đào Minh Hiếu") -> Đào Minh Hiếu | D96: =IFERROR(__xludf.DUMMYFUNCTION("""COMPUTED_VALUE"""),"AGV") -> AGV | E96: =IFERROR(__xludf.DUMMYFUNCTION("""COMPUTED_VALUE"""),"Check MDA") -> Check MDA
B97: =IFERROR(__xludf.DUMMYFUNCTION("""COMPUTED_VALUE"""),94) -> 94 | C97: =IFERROR(__xludf.DUMMYFUNCTION("""COMPUTED_VALUE"""),"Phí Văn Đông") -> Phí Văn Đông | D97: =IFERROR(__xludf.DUMMYFUNCTION("""COMPUTED_VALUE"""),"AGV") -> AGV | E97: =IFERROR(__xludf.DUMMYFUNCTION("""COMPUTED_VALUE"""),"Check MDA") -> Check MDA
B98: =IFERROR(__xludf.DUMMYFUNCTION("""COMPUTED_VALUE"""),95) -> 95 | C98: =IFERROR(__xludf.DUMMYFUNCTION("""COMPUTED_VALUE"""),"Vũ Minh Hoàng") -> Vũ Minh Hoàng | D98: =IFERROR(__xludf.DUMMYFUNCTION("""COMPUTED_VALUE"""),"AGV") -> AGV | E98: =IFERROR(__xludf.DUMMYFUNCTION("""COMPUTED_VALUE"""),"Check MDA") -> Check MDA
B99: =IFERROR(__xludf.DUMMYFUNCTION("""COMPUTED_VALUE"""),96) -> 96 | C99: =IFERROR(__xludf.DUMMYFUNCTION("""COMPUTED_VALUE"""),"Nguyễn Đình Sơn") -> Nguyễn Đình Sơn | D99: =IFERROR(__xludf.DUMMYFUNCTION("""COMPUTED_VALUE"""),"AGV") -> AGV | E99: =IFERROR(__xludf.DUMMYFUNCTION("""COMPUTED_VALUE"""),"Check MDA") -> Check MDA
B100: =IFERROR(__xludf.DUMMYFUNCTION("""COMPUTED_VALUE"""),97) -> 97 | C100: =IFERROR(__xludf.DUMMYFUNCTION("""COMPUTED_VALUE"""),"Lê Công Tôn") -> Lê Công Tôn | D100: =IFERROR(__xludf.DUMMYFUNCTION("""COMPUTED_VALUE"""),"AUTO_LR") -> AUTO_LR | E100: =IFERROR(__xludf.DUMMYFUNCTION("""COMPUTED_VALUE"""),"Check MDA") -> Check MDA
...

Sheet Email
A1: Tên | B1: Email
A2: Nguyễn Minh Tiến | B2: tien.nguyenminh@meiko.vn
A3: Nguyễn Trọng Phi | B3: phi.nguyentrong@meiko.vn
A4: Nguyễn Minh Cường | B4: cuong.nguyenminh@meiko.vn
A5: Nghiêm Xuân Thành | B5: thanh.nghiemxuan@meiko.vn
A6: Trần Đức Hải | B6: hai.tranduc@meiko.vn
A7: Ngô Đức Thành | B7: thanh.ngoduc@meiko.vn
A8: Nguyễn Đình Tuyến | B8: tuyen.nguyendinh@meiko.vn
A9: Trần Việt Lâm | B9: lam.tranviet@meiko.vn
A10: Hoàng Duy Cường | B10: cuong.hoangduy@meiko.vn
A11: Vũ Minh Đức | B11: duc.vuminh@meiko.vn
A12: Phí Văn Tuấn | B12: phituan1411891@gmail.com
... A50: Nguyễn Văn Hùng | B50: jacobihd97@gmail.com
